"Team","Roster","Region"
"<U+2060><U+2060>100 Thieves","Tenacity •  Ssumday •  Closer •  Abbedagge •  FBI •  huhi","North America"
"<U+2060><U+2060>100 Academy","Gamsu •  Kenvi •  JimieN •  Wixxi •  Busio","North America"
"<U+2060><U+2060>100 Next","General Sniper •  Fanatiik •  Will •  Insanity •  Array •  Sword •  Mist  (Head Coach/Support)","North America"
"<U+2060><U+2060>Aquinas College","JudgeGrudge •  Namwen •  Stevenator •  YaaYeet •  ArmorClass •  uhh yeahh","North America"
"<U+2060><U+2060>AOE Ginger Turmeric","existence •  SiddyWiddy •  CptShrimps •  lens •  Duoking •  Sunlight •  Vakin •  DNA •  Tempest •  Le Grain","North America"
"<U+2060><U+2060>Arizona State","Firetheft •  Firinz •  Juke Jouster •  Zeshoo •  Pseudo •  hansha •  Skarmori","North America"
"<U+2060><U+2060>Bay State College","Akira Hou •  Bejjaniii •  Topo •  Devil deGrey •  Dragonminkim •  Ralyk •  Seranok •  Sophist Sage •  Jurassiq •  Swordblue •  admirable potato","North America"
"<U+2060><U+2060>Bethany Lutheran","Oraces •  Hunter •  EQon •  dog2 •  wizardish •  Bodast •  Hollywood •  Mental","North America"
"<U+2060><U+2060>CLG Academy","Dhokla •  RoseThorn •  Damonte •  Triple •  Meech •  Breezy","North America"
"<U+2060><U+2060>Cloud9","Fudge •  Blaber •  Jensen •  Berserker •  Zven •  Svenskeren","North America"
"<U+2060><U+2060>C9 Academy","Darshan •  Sheiden •  Copy •  k1ng •  Zven •  Destiny","North America"
"<U+2060><U+2060>Colorado State","Auberon •  Carson •  Ritual •  Copari •  Keetchie •  dylpickle123 •  venona •  plez","North America"
"<U+2060><U+2060>Columbia College","rovex","North America"
"<U+2060><U+2060>Converse University","Izaac •  Daydream •  Hyphe •  Pantheret02 •  ScaryJerry •  Alastair •  rocks908 •  Gummyhat  (Strategic Coach/Top)","North America"
"<U+2060><U+2060>CLG","Jenkins •  Contractz •  Palafox •  Luger •  Poome","North America"
"<U+2060><U+2060>Dark Matter","Boil •  Onehan •  Han Jae •  Nhavilay •  Bellow •  YaaYeet","North America"
"<U+2060><U+2060>Dignitas","River •  Blue •  Neo •  Biofrost","North America"
"<U+2060><U+2060>Dignitas Academy","Eclipse •  eXyu •  DARKWINGS •  Spawn •  JayJ","North America"
"<U+2060><U+2060>EG Academy","Srtty •  Tomio •  Soligo •  Kaori •  SkyTec","North America"
"<U+2060><U+2060>EG Prodigies","Faisal •  Perry •  LEO99 •  Daption","North America"
"<U+2060><U+2060>Evil Geniuses","Impact •  Inspired •  jojopyun •  Shiro •  Vulcan","North America"
"<U+2060><U+2060>Fanshawe College","Cavele •  Suutekh •  8yen •  Redluma •  Boon","North America"
"<U+2060><U+2060>Florida Southern","Good Kid AJ •  Doraikon •  Dragowski •  HipsterG •  Flaynndappy","North America"
"<U+2060><U+2060>Florida State","Pain •  Oronuke •  rockonhi5 •  Gristlestick2 •  Cell","North America"
"<U+2060><U+2060>FlyQuest","Kumo •  Josedeodo •  toucouille •  Johnsun •  aphromoo","North America"
"<U+2060><U+2060>FlyQuest Academy","Philip •  Yuuji •  Spirax •  Tomo •  Diamond","North America"
"<U+2060><U+2060>Glaive Esports Prime","Notzu •  Diomarr •  Cendilion •  Turc •  cooplew14 •  rachet00","North America"
"<U+2060><U+2060>Golden Guardians","Licorice •  Pridestalker •  Ablazeolive •  Lost •  Olleh","North America"
"<U+2060><U+2060>GG Academy","Tony Top •  Iconic •  ry0ma •  Chime","North America"
"<U+2060><U+2060>Grand View","Prankuru •  Kolthro •  Meslo •  airren •  Plutx •  Fritz •  learning brain •  Koskinen •  P1atypus •  Synotic","North America"
"<U+2060><U+2060>Harrisburg University","CloudNguyen •  Lxwrence •  ShorterACE •  Zile •  HighKeySavage •  Emps •  Hopeful •  Maykel •  Loop •  Clyde","North America"
"<U+2060><U+2060>Illinois State","Disconnector •  GFP •  DrewDozer •  Nuclear •  Nausicaa •  Tempos •  datdat1  (Assistant Coach/Top)","North America"
"<U+2060><U+2060>Illinois Wesleyan","Sharks R us •  Pythagoras •  Rune Weaver •  Wigeon •  Schoon •  HandyTaco •  Fizzi •  Dogge •  Animosity •  Kongzhi","North America"
"<U+2060><U+2060>Immortals","Revenge •  PowerOfEvil •  Arrow •  IgNar","North America"
"<U+2060><U+2060>IMT Academy","Concept •  Chad •  Pretty •  Joey","North America"
"<U+2060><U+2060>Last Resistance","Elated •  KingClueless •  Stretfa •  Exothy •  Justin •  Luck Man •  T0WN","North America"
"<U+2060><U+2060>Life Support","","North America"
"<U+2060><U+2060>Louisiana State","JRC","North America"
"<U+2060><U+2060>Lourdes University","srgntcam •  Rogue •  Shinsei •  yung van •  venkon","North America"
"<U+2060><U+2060>Maryville University","Niles •  OddOrange •  Kind •  Getback •  APA •  Azog •  EvanRL •  Shady •  Zyko","North America"
"<U+2060><U+2060>Meme Stream Team","","North America"
"<U+2060><U+2060>Miami University","JayNitro •  Evil Lobster •  Cleave •  Snakobki •  Troy •  iBjen","North America"
"<U+2060><U+2060>Michigan State","Sunlight •  really big meme •  Ianse •  Zethal •  Argentum •  Livatious •  Cylainius","North America"
"<U+2060><U+2060>Missouri Valley Coll.","Davipazzini •  1847 •  Rauschenberg •  Thunderzinho","North America"
"<U+2060><U+2060>NALCS Players Association","","North America"
"<U+2060><U+2060>Nameless Randoms","Koic •  Detention •  Pynt •  Z Score","North America"
"<U+2060><U+2060>NC State","Jas","North America"
"<U+2060><U+2060>Northeastern","Jebem •  mode 0 •  Aloneus •  D4ZE •  FlyingHippo •  Stale Bagel •  woongst •  Phoenix •  An Oink •  Hiccup","North America"
"<U+2060><U+2060>Oakland University","Wzec •  Itsjon •  Muszyn •  Kealan •  Endrit •  MrNefarious •  Bellow","North America"
"<U+2060><U+2060>Ohio Northern","Aggression •  Kuhz •  Kado •  Direland •  Kaii","North America"
"<U+2060><U+2060>Ottawa University","Brixton •  Kota •  Blonde •  Levi Pug •  9Lives","North America"
"<U+2060><U+2060>Polar Ace","","North America"
"<U+2060><U+2060>Purdue University","4rch","North America"
"<U+2060><U+2060>Purdue Northwest","Dawg •  Soulendrik •  Noyoustink •  ISO ISO •  Barrera3 •  UdonBdon","North America"
"<U+2060><U+2060>St. Louis University","Cozy •  Matty •  Strompest •  Doxa •  Teesum •  AndyBendy •  Zaga  (Head Coach/Jungle)","North America"
"<U+2060><U+2060>San Jose State","Tomgoku •  Ceol •  TTea •  Nelo •  Pedro","North America"
"<U+2060><U+2060>Simon Fraser","Jinsoul •  Shirabii •  happyheart •  otto is gun •  cob68","North America"
"<U+2060><U+2060>St. Clair College","Ricky •  Fresh •  Zefirot •  Barlo •  Feiz •  Nakuteiken •  Verge","North America"
"<U+2060><U+2060>University at Buffalo","Emprisonner •  Derty •  Kenas •  Oriku •  Nyeong •  Areeb •  Delay No More","North America"
"<U+2060><U+2060>Supernova","Ariendel •  Clyde","North America"
"<U+2060><U+2060>Taco Gaming","Cozy •  Trixter •  Doxa •  Links •  rovex •  Qwacker •  Latence","North America"
"<U+2060><U+2060>Team Ambition","Decoy •  Nemesis9 •  Deity •  Chookies •  rockonhi5 •  SirZepre •  Nightstar","North America"
"<U+2060><U+2060>Team Cloud Drake","","North America"
"<U+2060><U+2060>Team Infernal Drake","","North America"
"<U+2060><U+2060>Team Liquid","Bwipo •  Santorin •  Bjergsen •  Hans sama •  CoreJJ","North America"
"<U+2060><U+2060>TL Academy","Bradley •  Grig •  Haeri •  Yeon •  Eyla","North America"
"<U+2060><U+2060>Team Mountain Drake","","North America"
"<U+2060><U+2060>Team Ocean Drake","","North America"
"<U+2060><U+2060>Third Party","Zamudo •  Janan •  Messages •  Lunar •  Ran Out of Wit •  MikeYeung •  Aito","North America"
"<U+2060><U+2060>Trance's Tyrants","Pingpaddler •  evileyes •  Steefo •  Tomeito •  Kongzhi •  Trance  (Head Coach/Support)","North America"
"<U+2060><U+2060>TSM","Huni •  Spica •  Maple •  Tactical •  Shenyi","North America"
"<U+2060><U+2060>TSM Academy","animegirl •  Hyper •  Takeover •  Instinct •  Mia •  Yursan","North America"
"<U+2060><U+2060>Umbra Collective","sgrug4 •  RebelGang •  Marksboy •  SirCaptFair •  Revolved","North America"
"<U+2060><U+2060>University of B.C.","soupfan4 •  Swkeeee •  Shin Chin","North America"
"<U+2060><U+2060>UC Berkeley","Millennium Fox •  Issys Cutie •  RexRequired","North America"
"<U+2060><U+2060>UC Irvine","Dongha •  Berik •  ikuta lilas •  TacoVaco •  duong pro •  XiaoDanny •  Cinnamon Bread •  Sahori •  Misterdot •  dtro18 •  Kim Down","North America"
"<U+2060><U+2060>UCLA","The First Poro •  DouyuTV 14502 •  Temetrius Morant •  noak •  The Doggo •  Alibye •  Prosciutto •  Straws •  Rydragon","North America"
"<U+2060><U+2060>UC Riverside","Damloss •  ye yu •  Asianknight •  Nima •  SlyLego","North America"
"<U+2060><U+2060>UC San Diego","Anx •  KingClueless •  lemontartdreamer •  Disrespectful •  Unless •  Optimizer •  end credits","North America"
"<U+2060><U+2060>CU Boulder","Nurdistheword •  Muffinhawker •  Sarorian •  Deity •  rax •  MalevolentTitan","North America"
"<U+2060><U+2060>University of Denver","Resabyss •  Tigeg •  Only E For You •  Dr1v9 •  Duck3 •  Nickinator72  (Sub/Bot) •  Dankana4  (Sub/Jungle)","North America"
"<U+2060><U+2060>Illinois","Qwacker •  Kuderic •  JustChilln •  CarbonDiO  (Support/Coach)","North America"
"<U+2060><U+2060>UL Lafayette","ponder •  Sielant •  LOAFman •  YouMessedUp •  ArcDusk •  littlekingrmd •  MobaMouse •  Legacy •  slug •  On Razors Edge •  THE KRISP CHIN  (Sub/Support) •  VulpineMask  (Sub/Mid)","North America"
"<U+2060><U+2060>Uni. of Michigan","Shamwwow •  Doowan •  Jouzef •  Doomfully •  DGMaster •  Sayhoon •  MexicanThunder •  Atout","North America"
"<U+2060><U+2060>University of NA","GG •  Solitified •  Skele •  Crackadon •  T0WN •  riversided •  ScaryJerry •  Nhavilay •  Tree Star •  Xav","North America"
"<U+2060><U+2060>University of Ottawa","EMBOR900 •  gumbee power •  Oni Akuma •  TA4LIFE •  sprinklrr","North America"
"<U+2060><U+2060>Uni. of South Florida","Wu Xing •  Dandelion Yi •  chenchen •  niick •  Inzania","North America"
"<U+2060><U+2060>Uni. of St. Thomas","TC porsche •  Kitzuo •  RobbyBob •  Shogo •  Chookies •  Nova  (Head Coach/Jungle/Bot)","North America"
"<U+2060><U+2060>UT Austin","YellowBumbleBee •  CRY NOW •  naas •  Loopsers •  yeoun","North America"
"<U+2060><U+2060>UT Dallas","Dasori •  Hukiri Lee •  Smelp •  Good Sir •  Jraff •  TreeKangar00 •  kr4zykilla •  Objective Bounty •  Hemal  (Head Coach/Mid)","North America"
"<U+2060><U+2060>University of Toronto","NoticeMeSenpai •  Oltan •  DeafRef •  RyanthekidRS •  blue612 •  LittleFrosty","North America"
"<U+2060><U+2060>U of T Scarborough","Red Eclipse •  Spect •  Pyoneer •  Lancrize •  Wentao Yang","North America"
"<U+2060><U+2060>Uni. of Waterloo","Inexhaustive •  DarkX •  usephysics •  callum koi •  sai desu","North America"
"<U+2060><U+2060>Western University","DrCalculus •  Grovy •  Sybr •  Winston •  Loyal •  Pynt •  Gorica •  Oland •  Links","North America"
"<U+2060><U+2060>Verity Esports","Solitified •  Sol •  Nebula •  Dear Vista •  Protos •  Legacy","North America"
"<U+2060><U+2060>Virginia Tech","Swaggy •  Butterfan3 •  gotoe11 •  FutureSelf •  Blamed One •  Eita Izumi","North America"
"<U+2060><U+2060>Wildcard Aces","Min •  Pockus","North America"
"<U+2060><U+2060>Wildcard Gaming","Allorim •  Griffin •  Matty •  Solaria •  Sohnar  (Positional Coach/Bot)","North America"
"<U+2060><U+2060>WC Developmental","Dot •  Snow2","North America"
"<U+2060><U+2060>Winthrop University","Mabud •  FrostForest •  Mordio •  Haebaragi •  Avano •  GRIMM •  Srkenji •  Paralisys","North America"
"<U+2060><U+2060>Wulf Pack","Expelles •  USAjj •  xusty •  GrayFawx •  Brand Z •  Xinthus •  Kallliii •  Mental","North America"
"<U+2060><U+2060>York University","ChickenDelivery •  Waeel •  Sweet Tangerine •  Logia •  Invent •  Spin •  Lotus","North America"
"<U+2060><U+2060>Zenigma Eclipse","lunacia •  Crackadon •  AllAero •  ScaryJerry •  rocks908 •  Hyphe","North America"
"<U+2060><U+2060>Zenigma Solar","Diesel •  Zhadox •  Pure Genesis •  BoskETI •  Kyleg00d","North America"
"<U+2060><U+2060>1. BESC e.V.","Masterflexi •  TheMilkshake000 •  l3ryan •  Flubba •  Dr Tiger","European Team"
"<U+2060><U+2060>AaB Esport","Gunkus •  Bobas •  Blueben •  Khanh •  Tun •  Mutra •  Riberry •  MeKkozZ","European Team"
"<U+2060><U+2060>Adriatic Wolves","","European Team"
"<U+2060><U+2060>Afterglow","Febern •  Hiponix •  Edru •  Kooovi •  Walther","European Team"
"<U+2060><U+2060>AGO ROGUE","Sinmivak •  Rabble •  Nite •  Lucker •  beansu •  Leon","European Team"
"<U+2060><U+2060>All for One Gaming","Fledex •  Blank •  Relative •  Varry •  Kampfuropa","European Team"
"<U+2060><U+2060>ALTOKEKW Esp.","","European Team"
"<U+2060><U+2060>Angry Bats","Sleeping In Top •  TR1NKET •  Skaterot •  Geeroid •  Corriragazzo","European Team"
"<U+2060><U+2060>Anorthosis Famagusta","Artorias •  Daglas •  Lotus •  LOCKIE •  LittlePants •  Dom1nant •  J0J0C","European Team"
"<U+2060><U+2060>AOMA Esports","jjs156 •  Rosco •  Baran •  osolosta •  Crown •  Youlie •  Hawk","European Team"
"<U+2060><U+2060>Arctic Gaming","","European Team"
"<U+2060><U+2060>AGEM","","European Team"
"<U+2060><U+2060>Astralis","Vizicsacsi •  Dajor •  Kobbe","European Team"
"<U+2060><U+2060>Astralis Talent","Fartkontrol •  Taxer •  Chres •  Chrisberg","European Team"
"<U+2060><U+2060>Atlas","Spappolino •  Pride •  LeoPe00 •  Ni<U+03C7>","European Team"
"<U+2060><U+2060>Atleta Esport","Gabbo •  MightyDragon •  XoNix •  Endz •  Cospect","European Team"
"<U+2060><U+2060>Atleta Esport Academy","Skar •  Luv Letter •  Thraex •  Imnxtamess •  Enryy","European Team"
"<U+2060><U+2060>Atletec","Jujutw0","European Team"
"<U+2060><U+2060>Austrian Force","","European Team"
"<U+2060><U+2060>Axolotl","Rawbin IV •  Gama","European Team"
"<U+2060><U+2060>Axolotl Academy","aPDRONE","European Team"
"<U+2060><U+2060>AYM Esports","Lenom •  CRoNiiK •  Kamikaze •  Raziel •  HYOG4","European Team"
"<U+2060><U+2060>Barça eSports","Dreedy •  twohoyrz •  Deadly •  Xixauxas","European Team"
"<U+2060><U+2060>Bastards Esports","Jadko •  Jormag •  Cryptonite •  BompaCaps •  Spankzy •  Alone •  Backhunter","European Team"
"<U+2060><U+2060>beGenius ESC","Garp •  Fallen •  Tziz •  Tito •  XERSUS7 •  Bliio","European Team"
"<U+2060><U+2060>BIG","Venour •  Pabu •  Zazee •  Quicktimer","European Team"
"<U+2060><U+2060>Bifrost","Shikari •  Cboi •  Furuy •  Odi11 •  DuaLL •  PiOk","European Team"
"<U+2060><U+2060>Bifrost White","Pjush","European Team"
"<U+2060><U+2060>Bis Esports","Knika •  Bruno04 •  Pimen •  Sh3ry •  RTeks •  Zum0","European Team"
"<U+2060><U+2060>BISONS ECLUB","Myrwn •  Albetrayber •  Random •  Guubi •  Oscure •  ThreaM","European Team"
"<U+2060><U+2060>BK ROG Esports","Kaylem •  zoiren •  Blackrog •  Veignorem •  Freazy","European Team"
"<U+2060><U+2060>Black Lion","ItGox •  Stargazer •  Chaki •  Gint •  Thementerlist","European Team"
"<U+2060><U+2060>Boavista FC","Misaki •  Chaos •  Phoxie •  Zenitsu •  Tochas","European Team"
"<U+2060><U+2060>BRUTE","EdbyK •  Pact •  Strange •  Mauss •  Petis","European Team"
"<U+2060><U+2060>Case Esports","R4VEN •  AHaHaCiK •  Miniduke •  JaVaaa •  SaNTaS •  Ace","European Team"
"<U+2060><U+2060>Connecting Esports","Stryth •  Gremy •  Zorka XL •  A1M •  Virtuso •  Roesoe •  Vendeltorp","European Team"
"<U+2060><U+2060>cowana Gaming","TemptAzn •  Pocok •  coing •  CHECKFIDER •  Rychly","European Team"
"<U+2060><U+2060>CPLAY","","European Team"
"<U+2060><U+2060>Crvena zvezda","Wondro •  DoubleAiM •  TasteLess •  Inky •  chopsteek •  Scaryride •  Colamax  (Jungle/Coach/Team Manager)","European Team"
"<U+2060><U+2060>Cryptova","Emperor •  Sacrifice •  Esko","European Team"
"<U+2060><U+2060>Cyber Wolves","KenRuto •  gtrik •  Subbex •  Lauxio •  Ciara •  Sapinho •  Rygel •  Illusion •  Tornadox","European Team"
"<U+2060><U+2060>Cyberground","PatkicaA •  Siler •  Nash •  Dambaj •  Zekrosk","European Team"
"<U+2060><U+2060>Dark Tigers","Champen •  Sumi •  Promise •  Dejvos •  Majkkl","European Team"
"<U+2060><U+2060>Dark Tigers Academy","Stryg •  Vlaren •  Peraxy •  Aklass •  Vizi","European Team"
"<U+2060><U+2060>Dead Rabbits","Wenhao •  Yolo •  Nae •  Aleykxar •  Trortro •  Khaaevo •  Lucas386","European Team"
"<U+2060><U+2060>Demise Academy","Leon","European Team"
"<U+2060><U+2060>Diamant Esports","Shy Carry","European Team"
"<U+2060><U+2060>DIVIZON","Youca •  Zapdo •  Beartree •  punchy •  Zuko","European Team"
"<U+2060><U+2060>Domino esports","RIPPED •  Sidon •  Shaolin •  Kris •  Denden","European Team"
"<U+2060><U+2060>Domme Jongens","Phoenix •  Dommy •  Baba •  Jkalam •  Boomin •  Mke •  Karnemel •  Mechanics","European Team"
"<U+2060><U+2060>Double Crunch Italy","","European Team"
"<U+2060><U+2060>DREN eSports","Hachi •  Wiko","European Team"
"<U+2060><U+2060>Dusty","Viking •  Backlund •  Venzer •  FGG •  Icelandic Hero","European Team"
"<U+2060><U+2060>Dynamo Eclot","Kulvas •  Savero •  Jackisek •  Reedfoo •  Smarty","European Team"
"<U+2060><U+2060>Dynasty","Squarepantsu •  TheMTB •  Elusion •  Jhinsane •  Mahonix •  Jackie","European Team"
"<U+2060><U+2060>E WIE EINFACH","Marcel •  Afroboi •  Kaymin •  Kxng •  PsYcraw","European Team"
"<U+2060><U+2060>Earth Revolution","xGenesis •  Ryujin •  Wenbo •  Fornari","European Team"
"<U+2060><U+2060>EGN Esports","Zeni •  Time •  Heroic •  xDrop •  Joo","European Team"
"<U+2060><U+2060>EGN Academy","OuterRaven •  Darber","European Team"
"<U+2060><U+2060>Eintracht Frankfurt","Sven •  Akremi •  Glowing •  Alca •  Ravenk •  Vaunted","European Team"
"<U+2060><U+2060>Eintracht Spandau","Pride •  Obsess •  Special •  Kynetic •  Prime •  Pandar  (Support/Streamer)","European Team"
"<U+2060><U+2060>Elyandra Esport","S0bek •  LéoLeCargo","European Team"
"<U+2060><U+2060>eMonkeyz SDH","ManoloGap •  Balyy •  Hax •  Fede •  Fendras","European Team"
"<U+2060><U+2060>Emperor Gaming","Dr Edgar •  TheSerius •  Scream •  Reseted •  JUST1CARIUS","European Team"
"<U+2060><U+2060>Entropiq","Robocop •  Rames •  Eren •  Khantos •  denyk •  Vinxen","European Team"
"<U+2060><U+2060>ERKO Esports","Lays •  Flaai •  Lenochodecc •  Vasekfel •  Dejv •  Kenny","European Team"
"<U+2060><U+2060>ERN ROAR","Nano •  Tofoufou •  Lulas •  Spadur •  Air •  Nikola •  Biotic •  Sekkou •  Toubler","European Team"
"<U+2060><U+2060>Esport Empire","IceBreaker •  Sandalo •  Paradox","European Team"
"<U+2060><U+2060>eSport Rhein-Neckar","Mirai no Yuuutsu •  PhaIanx •  Deception Mid •  Ede200 •  ThisIsR4Y","European Team"
"<U+2060><U+2060>eSports Nord e.V.","Zerstoeerer1 •  Aspect •  Arakhet •  Tharsk •  Súlimo","European Team"
"<U+2060><U+2060>eSuba","Welcom •  Jejky •  Sajator •  Dany •  VaSKED","European Team"
"<U+2060><U+2060>eSuba Academy","Kars •  Knedla •  idevilekk •  Glutch •  Koudys","European Team"
"<U+2060><U+2060>ESUG UFF","Lindbergh •  Timon •  lorofatz •  Sayna •  Smebber •  NiceToMeetMe","European Team"
"<U+2060><U+2060>Et cetera","Szafa •  Bedi •  Ejsner •  mumek •  Lucan","European Team"
"<U+2060><U+2060>Excel","Finn •  Markoon •  nukeduck •  Patrik •  Mikyx","European Team"
"<U+2060><U+2060>Falcons","Jervo •  Palens •  Midnight •  Blink •  Aizhon •  Raedz","European Team"
"<U+2060><U+2060>FC Nantes","Seminol •  Louis •  Filou •  Dengel •  nrmn","European Team"
"<U+2060><U+2060>Schalke 04","Scarface •  Isma •  Decay •  TakeSet •  HungryPanda •  EliteJoint","European Team"
"<U+2060><U+2060>Fnatic","Wunder •  Razork •  Humanoid •  Upset •  Hylissang •  Nisqy","European Team"
"<U+2060><U+2060>Fnatic TQ","Oscarinin •  Maxi •  Baca •  BEAN •  rhuckz •  Suren •  Boukada","European Team"
"<U+2060><U+2060>For The Win","Curl •  Own3rTcam •  Noma •  Calmsky •  Dragon","European Team"
"<U+2060><U+2060>Forsaken","WillTheScout •  Lokmays •  MaxxWarrior","European Team"
"<U+2060><U+2060>Fylkir Esports","Car •  Gadget •  night time •  Karlmaður •  Yordle Stomper •  Jenk","European Team"
"<U+2060><U+2060>G2 Arctic","Color •  Alexx •  Fresskowy •  Supa •  Efias •  Nasser","European Team"
"<U+2060><U+2060>G2 Esports","Broken Blade •  Jankos •  Caps •  Flakked •  Targamas","European Team"
"<U+2060><U+2060>GamerLegion","Sacre •  D4nka •  Escik •  Jinjo •  Visdom •  Techoteco","European Team"
"<U+2060><U+2060>Gamespace MCE","Faded •  Sh4kur •  Leo D Aras","European Team"
"<U+2060><U+2060>GameWard","Melonik •  Akabane •  Czekolad •  Innaxe •  Kamilius","European Team"
"<U+2060><U+2060>Gentlemen's Gaming","Grzybek •  Badlyyga •  Ariana •  Adison •  Slipper •  Kaka","European Team"
"<U+2060><U+2060>German Pingus","","European Team"
"<U+2060><U+2060>GGEsports","Conse •  Music","European Team"
"<U+2060><U+2060>GGE Academy","","European Team"
"<U+2060><U+2060>Giants","Th3Antonio •  Maxlore •  Jiizuke •  Keduii •  Advienne •  Cayetan0","European Team"
"<U+2060><U+2060>GOEXANIMO","Godux •  Hmlss Master •  Facen •  Klydex •  bAZZILISKS •  Medaluslv","European Team"
"<U+2060><U+2060>Goskilla","VeyLot •  Sh4dowUs •  Silas •  Baybror •  Tixn •  Jabuticaba","European Team"
"<U+2060><U+2060>GR1ND","Zora •  ShazQ •  Ribu •  Lothen •  Acorderr •  Makk","European Team"
"<U+2060><U+2060>Grow uP Girls EU","Emolga •  Dragon •  Aloru •  Noemi •  Mishoper","European Team"
"<U+2060><U+2060>Grypciocraft","PolskiKoz •  Witek •  Domoles •  Damkex •  iGepard","European Team"
"<U+2060><U+2060>GTZ Bulls","Vortum •  Fred •  Ivan Dragovic •  Pan","European Team"
"<U+2060><U+2060>Guarp Gaming","Viggomopsen •  Bartholdy •  legoman •  Kridz •  Thor •  FredSpaghet","European Team"
"<U+2060><U+2060>Guasones","Smurfegutten •  Noname •  Hydra •  Legolas","European Team"
"<U+2060><U+2060>Hanover Hounds","","European Team"
"<U+2060><U+2060>Herbalife Real Betis","Vertigo •  Soul •  FeeNiixZ •  Drifter •  Ermin •  Jorx","European Team"
"<U+2060><U+2060>Hertha BSC","Fl4mer •  Lamabear •  Matislaw •  Coldraa •  Nio","European Team"
"<U+2060><U+2060>Hive Athens","Northenlights •  DEV1L •  Zekja •  Nyzah •  SneakyLemon •  Atrogz","European Team"
"<U+2060><U+2060>Illés Akadémia Spirit","Defleck •  CrankZ •  Fear •  Frenna •  karci","European Team"
"<U+2060><U+2060>Illuminar Gaming","Warszi •  xCharm •  Mis","European Team"
"<U+2060><U+2060>Imperio eSports","PulliTommy •  Moraiel •  Zestrox •  xLENN •  MusicianBrook •  Kyra","European Team"
"<U+2060><U+2060>Inaequalis","Dred •  Rošták •  Kenapil •  WorstADC •  Zeussak •  Awaker •  Šišo","European Team"
"<U+2060><U+2060>Infernal Void","","European Team"
"<U+2060><U+2060>Inside Games","Sheja •  Nero","European Team"
"<U+2060><U+2060>Inside Games Challengers","Tomem •  Pshybyl •  Dolis •  Marzo •  Hobko •  Bery","European Team"
"<U+2060><U+2060>Internaziomale","Kubon •  Rybson •  Overpow •  defles •  april •  ArQuel","European Team"
"<U+2060><U+2060>Invulnerables Esports","Larsam •  Attõ •  ThePoodleHorse •  Chilenare •  Duck Drowner •  Chaos Senpai","European Team"
"<U+2060><U+2060>Ion Squad","Nazgul •  jbdutchowns •  Kiss Me","European Team"
"<U+2060><U+2060>Iron Wolves","Kakan •  Souli •  Saulius •  Yashiro •  Czypsy •  ChosenOne  (Top/Managing Partner)","European Team"
"<U+2060><U+2060>Izi Dream","JDG •  Noltey •  Roison •  DizL •  Zoelys","European Team"
"<U+2060><U+2060>JD|XL","Kryze •  Dan •  EMENES •  Omar","European Team"
"<U+2060><U+2060>Joblife","Wylenz •  Manaty •  Serendip •  Seelame •  Benaset","European Team"
"<U+2060><U+2060>Karma Clan Esports","Sl4shD •  D4SH •  Silvestre •  Qu4rtzo •  Exiled","European Team"
"<U+2060><U+2060>Karmine Corp","Cabochard •  113 •  Saken •  Rekkles •  Hantera •  Wao","European Team"
"<U+2060><U+2060>Kawaii Kiwis","Poweh •  NiuNai •  Macaquiño •  Kaii •  Yonna •  Wolfen","European Team"
"<U+2060><U+2060>KIT SC","GentlemanHero •  Striker •  On3Sh0t •  Sayna •  LorenzKopf","European Team"
"<U+2060><U+2060>KIT SC White","GentlemanHero •  Striker •  Redeemed •  Horyzon •  Drag Hyphen •  Kyubae","European Team"
"<U+2060><U+2060>KmK eSports","Matebuff •  hextasy","European Team"
"<U+2060><U+2060>KOI","SLT •  Koldo •  Hatrixx •  Rafitta •  seaz •  MyKey •  Plasma","European Team"
"<U+2060><U+2060>KRC Genk Esports","Guertas •  Monk •  Cisse","European Team"
"<U+2060><U+2060>KVM Esports","Tuomari •  Lian •  Mettoe •  Slyv3r •  Bardo •  Dragflick","European Team"
"<U+2060><U+2060>KVM Strijders","Yung Mus •  Don96 •  GigCeez •  Boykuh •  Rosco •  Yorange","European Team"
"<U+2060><U+2060>Lanomania","Buchi •  Lejon •  Greedlife •  Cronan •  Boundless •  Gustav","European Team"
"<U+2060><U+2060>Laughing Coffins","","European Team"
"<U+2060><U+2060>LDLC OL","Ragner •  Yike •  Eika •  Exakick •  Doss","European Team"
"<U+2060><U+2060>LDN UTD","IcyGale •  noided •  Yoichi •  Fabes •  Divinuss •  Dunlosi •  Mortifer","European Team"
"<U+2060><U+2060>LDN UTD Ice","Lileu •  Evelyn •  Ali •  bambi •  Kiss3TheRain •  Unicornik •  Yanako •  Lilith •  Ayrine •  Charlotte","European Team"
"<U+2060><U+2060>LEC Kings","","European Team"
"<U+2060><U+2060>LK Gaming","Fai •  Apodo •  Royer •  Shokram •  Bhard •  Uthred •  Sihrc","European Team"
"<U+2060><U+2060>Lodis","Orzecz •  JDMK •  Secrett •  Catstyle •  Wolle •  Ever •  Ketrab","European Team"
"<U+2060><U+2060>Lucent Esports","Kastrullen •  Akkers •  Fantasi •  Kasapina •  Sintax •  Fuyu •  Zimba •  Killakin","European Team"
"<U+2060><U+2060>LUL Esports","Dragneel •  Paradox","European Team"
"<U+2060><U+2060>Lunary","LRB •  Narkuss •  Tioo •  Cobble •  Sharkk","European Team"
"<U+2060><U+2060>Lundqvist Lightside","Zvene •  Svikter •  Tjockpung •  Saddy •  Touch •  Pluck","European Team"
"<U+2060><U+2060>Macko Academy","Rharesh","European Team"
"<U+2060><U+2060>Macko Esports","Kerberos •  Sof •  HHNeverLucky •  Rharesh •  Click •  Gine •  Lairas •  Cohle","European Team"
"<U+2060><U+2060>MAD Lions","Armut •  Elyoya •  Reeker •  UNF0RGIVEN •  Gistick","European Team"
"<U+2060><U+2060>MAD Lions Madrid","Gaëthan •  Hades •  Knighter •  DenVoksne •  Lilipp •  Tore •  Kackos","European Team"
"<U+2060><U+2060>Manguste AT","TearsOfRiven •  SpicyMich •  Dottor Pìvetta •  Vanityfear •  EToy v2 •  Bazzone","European Team"
"<U+2060><U+2060>Manguste eSports","","European Team"
"<U+2060><U+2060>Masonic","Nulto •  G0dtur •  William4 •  moxokx •  Hasse","European Team"
"<U+2060><U+2060>mCon LG UltraGear","SozPurefect •  EliWood","European Team"
"<U+2060><U+2060>Medieval Riga","ZupZup •  Opelis •  Spozhais •  Helvis •  Capsey •  Pugnare •  GN0MAS •  DoubleG •  Ultimater","European Team"
"<U+2060><U+2060>Method2Madness","nBeezy •  Frenzy •  unexpected •  xmar •  Warizar •  Luntear","European Team"
"<U+2060><U+2060>Mirage Elyandra","Badlulu •  Memento •  RangJun •  Cody Sun •  Raxxo •  Herazor","European Team"
"<U+2060><U+2060>Misfits Gaming","HiRit •  Shlatan •  Vetheo •  Neon •  Mersa •  MagiFelix","European Team"
"<U+2060><U+2060>Misfits Premier","Irrelevant •  TynX •  Czajek •  Woolite •  Vander •  Diamante","European Team"
"<U+2060><U+2060>MNM Gaming","DeathByLollipops •  DanteNypd","European Team"
"<U+2060><U+2060>MOUZ","BOSS •  Lyncas •  Nomanz •  Practice •  Saviour •  Rueven","European Team"
"<U+2060><U+2060>Movistar Riders","Marky •  Kadir •  xKenzuke •  Tazaku •  Pyrka •  Harald •  Valans •  izeman","European Team"
"<U+2060><U+2060>Movistar Academy","Harald •  Valans •  izeman •  Vega","European Team"
"<U+2060><U+2060>Munster Rugby","Stumpy •  Gaboesh •  Chemera •  Baloo •  Kevaman","European Team"
"<U+2060><U+2060>Munster Rugby Academy","SynapseSprinter •  Influentik •  Inspire •  Kevaman •  Traneax","European Team"
"<U+2060><U+2060>mYinsanity","FatShield •  Densi •  Pesho •  Notiko •  Cerecof •  Rain","European Team"
"<U+2060><U+2060>myRevenge","","European Team"
"<U+2060><U+2060>Mythos Gaming","Jambo","European Team"
"<U+2060><U+2060>NAT","","European Team"
"<U+2060><U+2060>Nativz","Lunddorf •  Sn1lle •  Rylle •  Jopa •  Cl0x •  Regostern","European Team"
"<U+2060><U+2060>nDurance Gaming","TheWanderingPro •  Sebal •  Energy •  Aggersbo •  Liam •  Rassiel","European Team"
"<U+2060><U+2060>Nexus KTRL","Septico •  Askan •  SQCristian •  DeathArrow •  Vioreleeee •  Evil •  KeTa","European Team"
"<U+2060><U+2060>Nigma Galaxy","Sanah •  Shiina •  Lady Helsing •  Nenris •  Kyanna","European Team"
"<U+2060><U+2060>NK Osijek Esport","Boras •  Fiko •  Feit •  Nedara •  Koxira •  Alleex •  Pitar  (Bot/Manager)","European Team"
"<U+2060><U+2060>No Need Orga","Tolkin •  Agurin •  NoWay •  Broeki •  Karni •  Ventair •  Envy Carry","European Team"
"<U+2060><U+2060>North","","European Team"
"<U+2060><U+2060>Northern Lions","Tiger •  QTKT •  Achilles •  GG Sir •  tchokez •  DrSaw •  YallaSafSaf •  Powages","European Team"
"<U+2060><U+2060>NRAX Esports","KoxTroll •  Turtel •  GGiler •  Jellyray","European Team"
"<U+2060><U+2060>NYYRIKKI","Petoska •  Azitor •  Abagnale •  Wayzen","European Team"
"<U+2060><U+2060>NYYRIKKI Academy","Voluxa •  yones •  Knemo •  Honels •  Puppe •  Dexui •  Migo","European Team"
"<U+2060><U+2060>Odivelas Sports Club","Renas •  Tigaz •  Galaxy •  Pyton •  towhat","European Team"
"<U+2060><U+2060>OFFSET Esports","F4rg •  yanjee •  Karoq •  Jonhy •  Kamyta •  HUGOD •  Henra","European Team"
"<U+2060><U+2060>Olympiacos Alimou","WouLou •  Rabbit •  Pun1sher •  Bananitoo •  Druxy","European Team"
"<U+2060><U+2060>Omerix","Ethinak •  Damarros •  Reus •  Caliste •  Vactator","European Team"
"<U+2060><U+2060>Oserv Esport","Norwegian","European Team"
"<U+2060><U+2060>Outplayed Academy","Mistil •  DaniFuFuu","European Team"
"<U+2060><U+2060>P11 Esports","kekko80 •  Vethorm •  DreamMaker •  Make","European Team"
"<U+2060><U+2060>Panathinaikos AC","Banned IRL •  REVENG •  Comeback •  Evil •  Reyzoasda •  Papajim","European Team"
"<U+2060><U+2060>PCS Taran","TamoZ •  Kituruken •  Evaan •  Gotzy •  Wixo0","European Team"
"<U+2060><U+2060>PENTA 1860","Sleeping •  Rulfchen •  Phantomles •  FUN k3y •  Tolerant •  Wildenbruch","European Team"
"<U+2060><U+2060>Pentagon Maze","Danki •  Pallet •  GodSoap •  Fredzlew","European Team"
"<U+2060><U+2060>Pertinax Esports","Dusseldrop •  Foute Makelaar •  Yeetified •  Khada •  Bondo Petit","European Team"
"<U+2060><U+2060>Phlox Gaming","Shole •  Shyelander •  Soggen •  Ibai •  EscoX •  DoubleB •  Cobierms","European Team"
"<U+2060><U+2060>piratesports","Mikkel •  HeavyDream •  Rawil •  MNT •  Herod","European Team"
"<U+2060><U+2060>Playing Ducks","","European Team"
"<U+2060><U+2060>Polska Gurom","","European Team"
"<U+2060><U+2060>PRIDE","itzRenifer","European Team"
"<U+2060><U+2060>Project Sinners","Elite •  Mentor •  Lajwer •  SemperSolus  (Coach/Bot)","European Team"
"<U+2060><U+2060>QLASH Spain","Eleison •  Indr4 •  Piku •  Aaron •  Kandar •  Oda •  Epicks","European Team"
"<U+2060><U+2060>Ramboot Club","Ethelikith •  Thayger •  Arven •  nash1c •  Ninten •  KoKo","European Team"
"<U+2060><U+2060>Random 5","Lubenaki •  WildRabbit •  HopHopJr","European Team"
"<U+2060><U+2060>RATE Gaming","ArcaneTeddy •  BornThisWay •  Topi •  Lowfire •  Nomi •  Pehrson •  Peap","European Team"
"<U+2060><U+2060>Rebels Gaming","Javier •  Nixerino •  Viketox •  Tikyl","European Team"
"<U+2060><U+2060>Rejects Gaming","Jovian •  Amethyst","European Team"
"<U+2060><U+2060>Resolve Blue","Nyxyvel •  Trez •  Escapex3 •  Stratospanda •  Rencha","European Team"
"<U+2060><U+2060>Rich Gang","Banderas •  Elegansy •  Air •  KappaBeetle •  Mirbs •  Thoug","European Team"
"<U+2060><U+2060>Riddle Esports","Nukes •  Rudolf","European Team"
"<U+2060><U+2060>Riddle NO","Deidara •  Ploxy •  Flufo •  Tide •  Touch •  Leedge •  Knut Erik •  legoman","European Team"
"<U+2060><U+2060>Rogue","Odoamne •  Malrang •  Larssen •  Comp •  Trymbi •  Blueknight  (Head of Analytics/Mid)","European Team"
"<U+2060><U+2060>Rulers Esports","Krosak •  Pluto •  Lukyss •  Chimer •  Kotva •  Focus","European Team"
"<U+2060><U+2060>SAMCLAN Esports","Kaiba •  Kirian","European Team"
"<U+2060><U+2060>Morning Stars","Counter •  DejaVu","European Team"
"<U+2060><U+2060>Silver Wolves","Woofer •  Lapis •  Mehere •  Criptik •  Nilan •  SkyOwnage","European Team"
"<U+2060><U+2060>SINNERS Esports","r0bbed •  Speedy •  ordno •  Strode •  Syrpy","European Team"
"<U+2060><U+2060>SK Gaming","Jenax •  Gilius •  Sertuss •  Jezu •  Treatz •  Bertho  (Manager/Support)","European Team"
"<U+2060><U+2060>SK Gaming Prime","Alois •  Eckas •  Dehaste •  Gadget •  Mystiques","European Team"
"<U+2060><U+2060>SLR","Rigas","European Team"
"<U+2060><U+2060>Solary","Kio •  Djoko •  Scarlet •  Asza •  Steeelback","European Team"
"<U+2060><U+2060>Sparx Esports","Jouvis •  Snows •  WardShock •  Kaarl •  Nyah","European Team"
"<U+2060><U+2060>Split Raiders","zezpez •  Dmitar •  Enoch •  Lexa •  Steryd","European Team"
"<U+2060><U+2060>Sprout","Klowny •  Spooky •  InDeed •  mihaibaros •  Ephekles •  Bambi","European Team"
"<U+2060><U+2060>Stormbringers","LightFall •  Emvipi •  Serch •  ChiQQQ •  Miyuuri •  VascoDC","European Team"
"<U+2060><U+2060>Team 7AM","Jaguar •  Zhìì •  Remix","European Team"
"<U+2060><U+2060>Team 7AM Academy","Electro •  Innovation •  Franky •  Bewis •  Kuromi","European Team"
"<U+2060><U+2060>Team Amelia","","European Team"
"<U+2060><U+2060>Team BDS","Adam •  Cinkrof •  NUCLEARINT •  xMatty •  LIMIT","European Team"
"<U+2060><U+2060>Team BDS Academy","Agresivoo •  Sheo •  Xico •  Crownshot •  Erdote •  Jaylink","European Team"
"<U+2060><U+2060>Team Du Sud","Shemek •  Melon •  LaFleur •  Hyôrai •  Tobi","European Team"
"<U+2060><U+2060>Echo Zulu","Flaxxish •  Mirrored •  Dragdar •  Nightmares •  Boomin","European Team"
"<U+2060><U+2060>Team ESCA Gaming","HeSSZero •  xeonerr •  Mrozku •  HARPOON •  marlon •  lee sang •  ygzor","European Team"
"<U+2060><U+2060>Team GO","Karim kt •  Ronaldo •  SMILEY •  Enjawve","European Team"
"<U+2060><U+2060>Team Heretics","Satorius •  bluerzor •  Zwyroo •  Jackspektra •  whiteinn •  Werlyb  (Partner/Ambassador/Top)","European Team"
"<U+2060><U+2060>Team MCES","Lingwi •  Zicssiflay •  Moutarde •  Frappii •  Honor","European Team"
"<U+2060><U+2060>Team Oplon","Darlik •  Bruness •  Peng •  Xicor •  Absolute •  Tiger •  Nono","European Team"
"<U+2060><U+2060>Team Phantasma","Bako •  Nikolex •  Peppe •  Vaynedeta •  Sanity •  Infe •  GreeN Lant3rN","European Team"
"<U+2060><U+2060>Pique Sel","GoB •  Joinze •  Rhobalas •  Chap •  TraYtoN","European Team"
"<U+2060><U+2060>Team Refuse","Adiss •  Jimsnop •  RektLess •  Cephei •  Gosberg","European Team"
"<U+2060><U+2060>Team Revive","","European Team"
"<U+2060><U+2060>Team Sampi","Broken Sword •  Zubac •  Ady •  Only •  Marco •  adampongo •  Kyoshi","European Team"
"<U+2060><U+2060>Team Singularity","Tatuy •  pawp •  Dragane •  Zpikee •  JeppeHou •  Muter","European Team"
"<U+2060><U+2060>Team Vitality","Alphari •  Selfmade •  LIDER •  Perkz •  Carzzy •  Labrov","European Team"
"<U+2060><U+2060>TeamOrangeGaming","Tayto •  Kutamo","European Team"
"<U+2060><U+2060>Tempered Fate","Aanng •  Zerberus","European Team"
"<U+2060><U+2060>The French Zoo","","European Team"
"<U+2060><U+2060>The Spawn","Necromartin •  Navatar •  Zebron •  Rassiel •  RusheX","European Team"
"<U+2060><U+2060>TP Adequat Academy","Twelve •  Whiteakitout •  Nafkelah •  Avra •  Obstinatus","European Team"
"<U+2060><U+2060>TT willhaben","ACD •  behave •  tibor •  Riku •  Highway","European Team"
"<U+2060><U+2060>UCAM Tokiers","Nji •  Manumatador •  Venom","European Team"
"<U+2060><U+2060>UCAM Tokiers Academy","Zaiiche •  Manumatador •  Ruxal •  Venom •  Cartamenio •  ExMiLLo •  Saile •  Rewound","European Team"
"<U+2060><U+2060>Umbra Divinus","Kourosh •  Jovian","European Team"
"<U+2060><U+2060>UOL Sexy Edition","iBo •  Lurox •  Ruby •  Reptile •  Dreamer Ace","European Team"
"<U+2060><U+2060>Valiance","Rifty •  Indecision •  Lmzs •  Paladin •  Tiara","European Team"
"<U+2060><U+2060>Valiants","selenex •  ShooLow •  Manster •  Kurilius •  Wannabe","European Team"
"<U+2060><U+2060>Vanir","Nille •  Noodle •  Sahira •  Kehvo •  Quixeth •  Riziki","European Team"
"<U+2060><U+2060>Veni eSports","","European Team"
"<U+2060><U+2060>Verdant","Valkyrie •  Sybol •  Erixen •  Draconium •  Crow •  Hankat •  R0yals","European Team"
"<U+2060><U+2060>Viperio","Akukatt •  Emp •  Painful •  Floopz •  Krallex","European Team"
"<U+2060><U+2060>Visual Perception","Raigos •  SpecialKey •  Crunchy","European Team"
"<U+2060><U+2060>Vitality.Bee","Szygenda •  Skeanz •  Diplex •  Jeskla •  Jactroll","European Team"
"<U+2060><U+2060>Warthox","Leedge •  Snabipojk","European Team"
"<U+2060><U+2060>WAVE Esports","sOAZ •  Mirai •  Xoura •  Bung •  Adept •  Jakobobbi  (Jungle/Assistant Coach)","European Team"
"<U+2060><U+2060>WeSports","flagin •  Frozen Renga •  Shiro •  Fliko •  Heinrich •  FastLegged •  Manki","European Team"
"<U+2060><U+2060>White Dragons","PapiTeero •  Mart •  Blizz •  Worst •  João •  Croka","European Team"
"<U+2060><U+2060>Wild Panthers","Aeiish •  SORA •  Blue Flames •  Aggression","European Team"
"<U+2060><U+2060>Wizards Club","Raider •  Anonymouss •  Universe •  Samux •  Simpy •  Surprise","European Team"
"<U+2060><U+2060>Wonder Stag e-Sports","","European Team"
"<U+2060><U+2060>x6tence","","European Team"
"<U+2060><U+2060>X7 Ascent","Hypa •  Integral •  Scuffed •  Syn •  Pinkmin •  Nadsat","European Team"
"<U+2060><U+2060>X7 Esports","Jaeger •  Haru •  Tempt •  Nata •  Kasing •  mag1cian •  KT •  Twiizt","European Team"
"<U+2060><U+2060>XD Prinfor B","","European Team"
"<U+2060><U+2060>XY Esports","Leikmaður •  Kookie •  Oktopus  (Bot/Manager)","European Team"
"<U+2060><U+2060>Yellow Stripes","Sotsy •  eaRyz •  Artoria •  matiaslaclasse •  Linkkey","European Team"
"<U+2060><U+2060>ZAT Refugees","Aristo •  Kweezer •  Lykki •  RaiZeR •  Xëmon •  Nîmu","European Team"
"<U+2060><U+2060>ZennIT","Theoloris •  Ovale •  Nathell •  Ascalon •  Mirai","European Team"
"<U+2060><U+2060>Zephyr Esport","NooB •  PatateVolante •  Shinbu •  Bartoh","European Team"
"<U+2060><U+2060>Zero Tenacity","mumus100 •  Ryuzaki •  Sebekx •  Vzz •  Wojtus •  Niwrok","European Team"
"<U+2060><U+2060>Zerolag Esports","Psilakhs •  YouMertBro •  Gagai •  ZaFiR •  Maxibillion •  Satanico","European Team"
"<U+2060><U+2060>ZETA","Nyx •  Hiro •  WachonBB •  Vixzy  (Sports Director/Jungle)","European Team"
"<U+2060><U+2060>Anyone's Legend","Zdz •  xiaohao •  Forge •  ZWuJi •  Betty •  QiuQiu","Chinese Team"
"<U+2060><U+2060>AL.Young","Overture •  Xcheng2 •  icecoKe •  Erha •  Harder •  Jump •  Michi •  kaixuan","Chinese Team"
"<U+2060><U+2060>Bilibili Gaming","Breathe •  Weiwei •  FoFo •  Doggo •  Uzi •  Crisp","Chinese Team"
"<U+2060><U+2060>BLG Junior","Myths •  ifcan •  pinz •  xiaodai •  Rise •  Jwei","Chinese Team"
"<U+2060><U+2060>EDward Gaming","Flandre •  Xiaoxiang •  JieJie •  Scout •  Viper •  Azure","Chinese Team"
"<U+2060><U+2060>EDG Youth Team","Solokill •  lvye23 •  Monki •  0909 •  L1f •  Leave •  Xiamu •  Dodoup","Chinese Team"
"<U+2060><U+2060>FunPlus Phoenix","xiaolaohu •  Clid •  Gori •  Care •  lwx •  Hang","Chinese Team"
"<U+2060><U+2060>FunPlus Blaze","Kartis •  Longmao •  haoye •  beichuan •  Qing •  jiang •  JingYi •  xingye •  Lele •  why","Chinese Team"
"<U+2060><U+2060>Invictus Gaming","Danile •  XUN •  Mole •  Yuekai •  Wink •  Lucas •  neny •  Ahn •  Ke","Chinese Team"
"<U+2060><U+2060>iG Young","YSKM •  Xzz •  xzy •  xiaoyueji •  Mitsuki •  BlackKnight •  tiga","Chinese Team"
"<U+2060><U+2060>JD Gaming","369 •  Kanavi •  YaGao •  Hope •  Missing •  Yimeng •  Lpc","Chinese Team"
"<U+2060><U+2060>Joy Dream","unravel •  705 •  Xiao17 •  Came •  QingZhi •  Lad •  TuT •  Feather •  Xhow","Chinese Team"
"<U+2060><U+2060>LGD Gaming","Cult •  shad0w •  Ye •  Eric •  Jinjiao •  Garvey •  Kui •  Chance","Chinese Team"
"<U+2060><U+2060>LGD Young Team","Rumiki •  rice •  Fatfish •  clot •  haichao •  RAnl •  minghai •  XLC •  TTH","Chinese Team"
"<U+2060><U+2060>LNG Academy","Clever9 •  Darwin •  Vergil •  naifen •  LP •  Uneasy •  yawang •  PandaC •  Yanmo","Chinese Team"
"<U+2060><U+2060>LNG Esports","Ale •  Tarzan •  Doinb •  Light •  LvMao •  Iwandy","Chinese Team"
"<U+2060><U+2060>MAX","Yaoyang •  KennyChan •  Stray •  Medzz •  Xiaguang •  Vinay •  XinMo","Chinese Team"
"<U+2060><U+2060>Oh My Dream","Aphasiac •  Mori •  Wuming •  Sllo •  Summer •  s1aytrue •  Guang","Chinese Team"
"<U+2060><U+2060>Oh My God","shanji •  AKi •  Creme •  Able •  Five •  M1kuya","Chinese Team"
"<U+2060><U+2060>Qing Jiu Club","eiir •  bolin •  chaos •  Clay •  pyboy •  xiaosheng •  Paopao","Chinese Team"
"<U+2060><U+2060>Rare Atom","Cube •  Leyan •  Strive •  iBoy •  yuyanjia •  Xiaoyang •  Zorah","Chinese Team"
"<U+2060><U+2060>RA Period","torch •  zzx •  Yesjun •  DOING •  Such •  fadacai •  Parac","Chinese Team"
"<U+2060><U+2060>Royal Club","Xiaoxu •  Adeer •  lovely •  Tangyuan •  Asura •  ZJJ •  Mysun •  Reheal •  Zap","Chinese Team"
"<U+2060><U+2060>RNG","Bin •  Wei •  Xiaohu •  GALA •  Ming •  Bunny","Chinese Team"
"<U+2060><U+2060>SDX Gaming","Binggan •  Noregret •  xingluo •  Bubble •  Forever •  Shadow •  qingchen","Chinese Team"
"<U+2060><U+2060>TEAM ORANGE","lcberg •  5K •  yyy •  XXX •  Thesnake •  JKJK •  Yuen","Chinese Team"
"<U+2060><U+2060>Team Pinnacle","Longqi •  BoWen •  Hook •  zzy •  Lover11 •  Yolanda •  XuanLv •  Bafang","Chinese Team"
"<U+2060><U+2060>Team WE","Biubiu •  View •  honey •  Shanks •  xiye •  Xing •  Stay •  Kedaya •  Teacherma","Chinese Team"
"<U+2060><U+2060>WE Academy","Coten •  demon •  Yanxiang •  xqw •  yhp •  Hungry •  xiaohai •  Mercury •  rainy","Chinese Team"
"<U+2060><U+2060>TT Gaming","New •  Chieftain •  UCAL •  Puff •  Southwind •  Chelizi •  frigid •  yaoyao •  Patch","Chinese Team"
"<U+2060><U+2060>TT Young","juejuezi •  xiao7 •  Sky •  Captain •  guigui •  Mmy •  chips","Chinese Team"
"<U+2060><U+2060>Titan Catipay","","Chinese Team"
"<U+2060><U+2060>Top Esports","Wayward •  Zoom •  Tian •  Xiaopeng •  Knight •  JackeyLove •  Mark •  Zhuo •  Qingtian","Chinese Team"
"<U+2060><U+2060>TES Challenger","Aspire •  eight •  Naruto •  10ng •  Cerasus •  Niket","Chinese Team"
"<U+2060><U+2060>TWELVE","TT •  xjx •  chenshao •  xlx •  Citrus9 •  Guojia •  yiyi •  lyy •  eqq","Chinese Team"
"<U+2060><U+2060>Ultra Prime","Aliez •  zs •  H4cker •  Cryin •  Elk •  ShiauC •  kelin","Chinese Team"
"<U+2060><U+2060>UP Academy","Sleepy •  whisper •  yekai •  xiaocaobao •  rat •  Miaoniu •  ZYF","Chinese Team"
"<U+2060><U+2060>V5 87","Invincible •  pzx •  xHun •  Dream •  Kepler •  xLiang •  Today •  Jerry","Chinese Team"
"<U+2060><U+2060>Victory Five","Rich •  Karsa •  XLB •  Rookie •  Photic •  ppgod","Chinese Team"
"<U+2060><U+2060>Weibo Gaming","TheShy •  SofM •  Angel •  huanfeng •  SwordArt •  ON","Chinese Team"
"<U+2060><U+2060>WBG Youth Team","Decade •  Maggie •  forse •  freey •  Shark •  Assum •  Cygood •  Wuy","Chinese Team"
"<U+2060><U+2060>Young Miracles","Sheng •  xiaoyueban •  Beijixing •  Heng •  caipuxin •  Marzss •  Shaoye •  GWind •  Yan","Chinese Team"
"<U+2060><U+2060>CNB Infinity","Guti1","Brazilian Team"
"<U+2060><U+2060>Falkol Storm","Sidera •  Closer •  Raposa •  Matzera •  Lwz •  Turibulus","Brazilian Team"
"<U+2060><U+2060>Flamengo Academy","SuperCleber •  Ancrath •  lynkez •  kksh •  Bounty","Brazilian Team"
"<U+2060><U+2060>Flamengo Esports","Mito •  Boal •  Sting •  Asta •  Tutsz •  flare •  Gyeong •  Kuri","Brazilian Team"
"<U+2060><U+2060>FURIA Academy","Zemnas •  Goot •  Elicit •  Improve •  z4y •  Stiner •  Fuuu","Brazilian Team"
"<U+2060><U+2060>FURIA Esports","fNb •  Ranger •  Envy •  Netuno •  RedBert","Brazilian Team"
"<U+2060><U+2060>INTZ","Tyrin •  Yampi •  Kick •  Muja •  micaO","Brazilian Team"
"<U+2060><U+2060>INTZ Academy","Hidan •  Soweto •  Hanor •  Juzo •  Woodboy •  Yuki","Brazilian Team"
"<U+2060><U+2060>KaBuM! Academy","Bankai •  scary •  Dioge •  Titeito •  Stepz •  Stankie •  Guigs","Brazilian Team"
"<U+2060><U+2060>KaBuM! e-Sports","Parang •  Wiz •  Hauz •  Disave •  Scuro","Brazilian Team"
"<U+2060><U+2060>Liberty","Kiari •  Disamis •  Krastyel •  Matsukaze •  Wos","Brazilian Team"
"<U+2060><U+2060>Liberty Academy","Yupps •  SkB •  Drake •  Washin •  Thunder •  Ravenzin •  Cavalo •  scamber","Brazilian Team"
"<U+2060><U+2060>LOUD","Robo •  Tay •  tinowns •  DudsTheBoy •  Ceos","Brazilian Team"
"<U+2060><U+2060>LOUD Academy","Makes •  enel1 •  Samkz •  Aithusa •  Brance •  Miss •  Vahvel","Brazilian Team"
"<U+2060><U+2060>Netshoes Miners","DoRun •  Croc •  Anyyy •  Celo •  Hawk","Brazilian Team"
"<U+2060><U+2060>Miners Academy","Reversed •  Small •  Hugato •  Ari •  Piloto •  Drop •  Raiden •  Lawi •  Griba","Brazilian Team"
"<U+2060><U+2060>paiN Gaming","Wizer •  Cariok •  dyNquedo •  brTT •  Trigo •  Damage","Brazilian Team"
"<U+2060><U+2060>paiN Academy","SkyBart •  Accez •  Qats •  Blacky •  Juliera •  griff •  ProDelta","Brazilian Team"
"<U+2060><U+2060>RED Academy","Nin •  Promise •  Luuukz •  NiT Cesar •  Neephesto •  LLKO •  jime •  sorahed •  Telas","Brazilian Team"
"<U+2060><U+2060>RED Canids","Betão •  Guigo •  Aegis •  Grevthar •  Avenger •  TitaN •  Jojo","Brazilian Team"
"<U+2060><U+2060>Rensga Academy","LRK •  Mousty •  Marfz •  Devourer","Brazilian Team"
"<U+2060><U+2060>Rensga Esports","Edger •  Trap •  Minerva •  Goku •  NinjaKiwi •  Mocha","Brazilian Team"
"<U+2060><U+2060>Black Star Gaming","Romuka •  Vakulich •  Get Lost •  Kenal •  Jestkui Max","CIS Team"
"<U+2060><U+2060>CrowCrowd","T1moha •  antik •  bmj","CIS Team"
"<U+2060><U+2060>CTRL PLAY","Shin •  BullyMaguire •  Maxim •  Valhalla •  CblpHuK •  Sênbônzakura •  Yur4ik •  Tezaret","CIS Team"
"<U+2060><U+2060>Dragon Army","Balkane •  Miracle •  Lunarage","CIS Team"
"<U+2060><U+2060>Future Perfect","MexanikCH •  Medved ede •  Laynel •  Smailord •  Traffy","CIS Team"
"<U+2060><U+2060>Moscow Five","","CIS Team"
"<U+2060><U+2060>Team Spirit","Dreampull •  Diamondprox •  Griffon •  Mytant •  Edward","CIS Team"
"<U+2060><U+2060>Unicorns of Love","NoNHoly •  Don Arts •  Phlaty •  Shiganari •  Lekcyc","CIS Team"
"<U+2060><U+2060>Vaevictis eSports","PowerToyZ •  Trianna  (Support/Manager)","CIS Team"
"<U+2060><U+2060>Vega Squadron","Gimliques •  TsarCanya •  Articuna •  The Cemen •  Laatch •  Tristesse","CIS Team"
"<U+2060><U+2060>AXIZ","YellowYoshi •  Swamp •  Megumiin •  Sangchu •  Dicey •  tol2 •  Nolisio •  Ozuka","Japanese Team"
"<U+2060><U+2060>AXIZ Academy","tol2 •  Mutton •  nolisio •  Dicey","Japanese Team"
"<U+2060><U+2060>Burning Core","RayFarky •  Flawless •  Dice •  Yuhi •  Fujimoto •  Deant •  L0SER","Japanese Team"
"<U+2060><U+2060>Crest Gaming Act","Nap •  Bigshot •  Kaito •  HyBriD •  Nemoh •  Momo •  Funahwi •  Kakkun •  Milan •  Primo","Japanese Team"
"<U+2060><U+2060>CGA Academy","Momo •  Funahwi •  Kakkun •  Milan •  Primo","Japanese Team"
"<U+2060><U+2060>DetonatioN FM","Evi •  Steal •  Yaharong •  Yutapon •  Harp •  Marimo","Japanese Team"
"<U+2060><U+2060>DFM Academy","Nesuty •  Marimo","Japanese Team"
"<U+2060><U+2060>SoftBank HAWKS","Kinatu •  Blank •  Dasher •  Marble •  Raina •  HowLa","Japanese Team"
"<U+2060><U+2060>SHG Academy","ankochan •  Wasteland •  HowLa •  Charley","Japanese Team"
"<U+2060><U+2060>Rascal Jester","Ino •  hachamecha •  Recap •  Ssol •  Secret •  R1ngoKun •  Tatsu •  GASENT •  Sirotama •  Shakespeare","Japanese Team"
"<U+2060><U+2060>RJ Academy","Sirotama •  Shakespeare","Japanese Team"
"<U+2060><U+2060>Sengoku Gaming","Paz •  Once •  Jett •  Honey •  Enty •  Ricky •  Popon •  Akainu •  NaiNa •  chilioil","Japanese Team"
"<U+2060><U+2060>SG Academy","Acciy •  Akainu •  NaiNa •  chilioil","Japanese Team"
"<U+2060><U+2060>V3 Esports","Washiday •  Yunika •  Eugeo •  dresscode •  Hetel •  Pon •  Curep •  rre •  ezman •  Laxy","Japanese Team"
"<U+2060><U+2060>V3 Academy","van •  ezman","Japanese Team"
"<U+2060><U+2060>9z Team","Burrito •  Naz •  Agustin17 •  Hika •  Tufi •  Sang","Latin American"
"<U+2060><U+2060>AceS GaminG","Rhal •  Nuclex •  Neith •  Senshi •  Brio","Latin American"
"<U+2060><U+2060>AGD E-Sports","Hater •  KINGPOWER •  Joinlav •  Gelvic •  Huevo Frito •  Sir Fate","Latin American"
"<U+2060><U+2060>All Knights","Zothve •  Skeeto •  Crash •  Leza •  Alive •  Pancake •  Baula","Latin American"
"<U+2060><U+2060>Arctic Mexico","Steellar •  Chente •  Fayonix •  Hades •  Hierro •  Betosky","Latin American"
"<U+2060><U+2060>Atheris Esports","Mayhem •  Zerkxz •  Demy •  Shintalx","Latin American"
"<U+2060><U+2060>Atomic México","Gonti •  LiquidDiego •  Kyoto •  Shaka •  Manuelcap •  Allerz","Latin American"
"<U+2060><U+2060>Aurelius Esports","Uprising •  Acerola •  Kobrq •  Bola •  Tyr •  Sun Tiger","Latin American"
"<U+2060><U+2060>Awake Gaming","Junder •  Saya •  Master Jos •  lll •  Yuk •  Dirss","Latin American"
"<U+2060><U+2060>Azules Academy","","Latin American"
"<U+2060><U+2060>Bandits Gaming","Lance •  Kazuo •  Rein •  Mime •  Hannah •  CougarDai","Latin American"
"<U+2060><U+2060>Beast Esports","ElBenSmurf •  Zutter •  Chucknight •  Drev •  Ariezu","Latin American"
"<U+2060><U+2060>Boca Juniors","Chordy •  dnt","Latin American"
"<U+2060><U+2060>Braves Rising","Kantoshi •  Athyz •  Melkior •  Patrick •  Gary","Latin American"
"<U+2060><U+2060>Cattleya Gaming","Grimma","Latin American"
"<U+2060><U+2060>Cienciano Esports","LukasNegro •  Maver •  Jealow •  Hoka •  Pyro","Latin American"
"<U+2060><U+2060>Deportivo Municipal","Leocich •  Janghy •  Terco •  Snoopy •  Skanito •  ElOjoInka •  Prichell","Latin American"
"<U+2060><U+2060>Cruzados Esports","IceBox","Latin American"
"<U+2060><U+2060>Da Dancing Demons","Galileo •  Kasamura •  Nips •  Fate in Blood","Latin American"
"<U+2060><U+2060>Dark Horse","KearZy •  Perro •  Luco •  Charlie","Latin American"
"<U+2060><U+2060>Dark Quality","Ron •  El Mapachurro •  Nashery •  TheGunsOfFortune •  Confytura •  Yadagon","Latin American"
"<U+2060><U+2060>Deliverance Esports","Niquel •  Sazz •  Demonmix •  Jtoru","Latin American"
"<U+2060><U+2060>Deliverance Peru","Diegorzz •  Reiner •  Lefty •  1Bicho","Latin American"
"<U+2060><U+2060>Descuydado Esports","Kerfa •  iFrix •  Shieldworm •  Xpontaneous •  Davo •  Ayeye","Latin American"
"<U+2060><U+2060>Diamond Doves","JuanDeDios •  Piu Piu •  AdrYh •  HarryLaCru •  Khael","Latin American"
"<U+2060><U+2060>EBRO","Akunma •  Ocean •  TomnaM •  Nottingham •  Nameless •  Fateware","Latin American"
"<U+2060><U+2060>ELR Gaming","Lara •  Tiansito •  Luckie •  JK •  Melvin •  Ohtori","Latin American"
"<U+2060><U+2060>Estral Esports","Acce •  Lyg","Latin American"
"<U+2060><U+2060>Exilium Gaming","JISKRA","Latin American"
"<U+2060><U+2060>Fantasy Gaming","Scar Hope •  Kram •  San •  Nou •  LupinoBate •  FreeSoul","Latin American"
"<U+2060><U+2060>Fuego","Ravey •  Mega •  Blackengel •  Shade •  Whiplash","Latin American"
"<U+2060><U+2060>Furious Gaming","Kartana •  Emp •  Viciun •  Feitan","Latin American"
"<U+2060><U+2060>GeekSide Esports","Therru •  Sunriser •  Roket •  Rastafari •  Macucho •  Nightfall •  Wamdejo","Latin American"
"<U+2060><U+2060>Globant Emerald","Nate •  Warangelus •  Plugo •  WhiteLotus •  Newbie","Latin American"
"<U+2060><U+2060>God's Plan","Raél •  CaTzzz •  Toes","Latin American"
"<U+2060><U+2060>Gravity Elite","JTL •  Blind Walker •  Godles •  Zlekt","Latin American"
"<U+2060><U+2060>Hooked Esports","Rexus •  Mistt •  Bl0oMi •  BitterBit •  Bojji •  Cezz  (Sports Director/Support)","Latin American"
"<U+2060><U+2060>Incubus","Ceviche •  Cebolla •  Souta","Latin American"
"<U+2060><U+2060>INFINITY","Jauny •  Brayaron •  SolidSnake •  Cody •  Snaker •  Kz •  Ackerman","Latin American"
"<U+2060><U+2060>Instinct Gaming","1Cs •  Dinastik •  Xamex •  Joma","Latin American"
"<U+2060><U+2060>Isurus","ADD •  Seiya •  Gavotto •  Jelly •  Flare","Latin American"
"<U+2060><U+2060>Janus Esports","HAKA •  Jean •  Ballack •  FxZ","Latin American"
"<U+2060><U+2060>KLG Academy","Baby Upset •  1Lee","Latin American"
"<U+2060><U+2060>King of Goats","Astronyx","Latin American"
"<U+2060><U+2060>Kings of the North","Dune •  Osito Felpuwu •  Ballack •  Gnetic •  Kaldalis","Latin American"
"<U+2060><U+2060>KRÜ Esports","Seeker •  Style •  Kiefer •  Lac •  IgnaVilu1","Latin American"
"<U+2060><U+2060>Leviatan Esports","Buggax •  Pancake •  TopLop •  Nothing •  Lyonz","Latin American"
"<U+2060><U+2060>Leviatan Chile","Baltica •  Tinchoxar","Latin American"
"<U+2060><U+2060>Luxor Gaming","Qkel •  Foxy •  Don Jose","Latin American"
"<U+2060><U+2060>Mad Kings","deathleap •  EstebanPa •  WilBR •  Zeldris •  Tiki Astral •  Yagami","Latin American"
"<U+2060><U+2060>Mad Revolution","Kanitouh •  Night Fúry •  Chuflex •  Arqi •  Foryax •  Greety •  TeeoG •  IvaNovich","Latin American"
"<U+2060><U+2060>Malvinas Gaming","Scrappy •  SryNotSry •  Fersito •  Nekhazten •  Magico","Latin American"
"<U+2060><U+2060>Mayan Esports","Pinky •  Saeko •  Araque •  Barry •  Melocotón •  Lenpace •  Orion","Latin American"
"<U+2060><U+2060>Meta Gaming","Emets •  Duivel •  Funky Dog •  Snottie","Latin American"
"<U+2060><U+2060>Movistar Optix","Shookz •  KreshtDoo •  Marito","Latin American"
"<U+2060><U+2060>Newstar","Brianthees •  Xeydon","Latin American"
"<U+2060><U+2060>NOCTA","Stibi •  Raydell •  Pelirrojo •  Gabenx •  Dreseul •  Kofla","Latin American"
"<U+2060><U+2060>Once Caldas Esports","Cristonex •  Kanz •  Aquiles •  AraaGor •  Asdrick •  Asterik","Latin American"
"<U+2060><U+2060>Pampas","Izaenk •  Follow •  Enga •  Kindless •  QQMore •  Kumew •  Kbstible","Latin American"
"<U+2060><U+2060>PÊEK Gaming","Sander •  Symebo •  Loers •  MrMemox •  BetaTwinz •  Cesar","Latin American"
"<U+2060><U+2060>Pirate Dream","vins •  Feng •  Binky •  Zaetoz •  Sofia •  Rex","Latin American"
"<U+2060><U+2060>Psykodelic Esports","Andresu •  Covi •  Mata •  Maick","Latin American"
"<U+2060><U+2060>Rainbow7","SoHwan •  Oddie •  Cepted •  Ceo •  Slow •  Daiky","Latin American"
"<U+2060><U+2060>Rebirth eSports","Arfyss •  Funky Dog •  Cosmoz •  GunPoint •  Gralou •  1Defu","Latin American"
"<U+2060><U+2060>Red Rooster Team","Merciful •  Andathy •  Quasar •  FREDEAD •  Orange •  Kot •  Lustboy","Latin American"
"<U+2060><U+2060>Respawn Esports","Tilt","Latin American"
"<U+2060><U+2060>River Plate","Aquasonic •  Dandy","Latin American"
"<U+2060><U+2060>Saprissa Esports","Putin •  Chiu •  Ganks •  Xuradel •  Renn •  MadBlade","Latin American"
"<U+2060><U+2060>Six Karma","Nipphu •  DrLemon •  Icytower •  Letras •  Lyng","Latin American"
"<U+2060><U+2060>Skull Cracker","Abyss •  Xmy","Latin American"
"<U+2060><U+2060>Spectacled Bears","Note","Latin American"
"<U+2060><U+2060>Spirituals","Abscense •  Guzke •  Kitin •  Stealth •  IRuby","Latin American"
"<U+2060><U+2060>Stone Movistar","Why Not","Latin American"
"<U+2060><U+2060>TAB","Logan •  Haltz •  Taco","Latin American"
"<U+2060><U+2060>Team Aze","Lonely •  Dimitry •  Aloned •  5kid •  Straight •  Shu Hari","Latin American"
"<U+2060><U+2060>Team Quetzal","","Latin American"
"<U+2060><U+2060>The Kings","Destroy •  Mataz •  Rainbow •  Limitationss •  NerzhuL •  Chukaritas •  Santi •  Midalia •  VirusFx •  Mun","Latin American"
"<U+2060><U+2060>Tomorrow Esports","Marth •  Chikitow •  LLSkyLL •  Alann •  Meteoro •  Sight","Latin American"
"<U+2060><U+2060>Undead Gaming","Strange •  Pyl •  Aders","Latin American"
"<U+2060><U+2060>UC Esports","","Latin American"
"<U+2060><U+2060>Vandals Esports","K Cho •  Emarlin •  Nuggles •  Johan Love •  Spidy","Latin American"
"<U+2060><U+2060>Vipers","Bazu •  2Night •  Aaron •  Doosu •  Choisix","Latin American"
"<U+2060><U+2060>Waia Snikt","Joxardo •  No One •  Nishkyu •  Toradora","Latin American"
"<U+2060><U+2060>WAP Esports","Sydux •  OneSECOND •  Encounters","Latin American"
"<U+2060><U+2060>XTEN Esports","Zerito •  Seize •  Keine","Latin American"
"<U+2060><U+2060>Zeu5 Bogota","Keii •  UnicornG •  Zelt •  Hobbler •  Ichiwin •  MrProxi","Latin American"
"<U+2060><U+2060>Zylant Esports","Pillo •  Slayer •  Vares •  Zeypher •  Messi •  Ankichi","Latin American"
"<U+2060><U+2060>9z Team","Burrito •  Naz •  Agustin17 •  Hika •  Tufi •  Sang","Oceanic Team"
"<U+2060><U+2060>AceS GaminG","Rhal •  Nuclex •  Neith •  Senshi •  Brio","Oceanic Team"
"<U+2060><U+2060>AGD E-Sports","Hater •  KINGPOWER •  Joinlav •  Gelvic •  Huevo Frito •  Sir Fate","Oceanic Team"
"<U+2060><U+2060>All Knights","Zothve •  Skeeto •  Crash •  Leza •  Alive •  Pancake •  Baula","Oceanic Team"
"<U+2060><U+2060>Arctic Mexico","Steellar •  Chente •  Fayonix •  Hades •  Hierro •  Betosky","Oceanic Team"
"<U+2060><U+2060>Atheris Esports","Mayhem •  Zerkxz •  Demy •  Shintalx","Oceanic Team"
"<U+2060><U+2060>Atomic México","Gonti •  LiquidDiego •  Kyoto •  Shaka •  Manuelcap •  Allerz","Oceanic Team"
"<U+2060><U+2060>Aurelius Esports","Uprising •  Acerola •  Kobrq •  Bola •  Tyr •  Sun Tiger","Oceanic Team"
"<U+2060><U+2060>Awake Gaming","Junder •  Saya •  Master Jos •  lll •  Yuk •  Dirss","Oceanic Team"
"<U+2060><U+2060>Azules Academy","","Oceanic Team"
"<U+2060><U+2060>Bandits Gaming","Lance •  Kazuo •  Rein •  Mime •  Hannah •  CougarDai","Oceanic Team"
"<U+2060><U+2060>Beast Esports","ElBenSmurf •  Zutter •  Chucknight •  Drev •  Ariezu","Oceanic Team"
"<U+2060><U+2060>Boca Juniors","Chordy •  dnt","Oceanic Team"
"<U+2060><U+2060>Braves Rising","Kantoshi •  Athyz •  Melkior •  Patrick •  Gary","Oceanic Team"
"<U+2060><U+2060>Cattleya Gaming","Grimma","Oceanic Team"
"<U+2060><U+2060>Cienciano Esports","LukasNegro •  Maver •  Jealow •  Hoka •  Pyro","Oceanic Team"
"<U+2060><U+2060>Deportivo Municipal","Leocich •  Janghy •  Terco •  Snoopy •  Skanito •  ElOjoInka •  Prichell","Oceanic Team"
"<U+2060><U+2060>Cruzados Esports","IceBox","Oceanic Team"
"<U+2060><U+2060>Da Dancing Demons","Galileo •  Kasamura •  Nips •  Fate in Blood","Oceanic Team"
"<U+2060><U+2060>Dark Horse","KearZy •  Perro •  Luco •  Charlie","Oceanic Team"
"<U+2060><U+2060>Dark Quality","Ron •  El Mapachurro •  Nashery •  TheGunsOfFortune •  Confytura •  Yadagon","Oceanic Team"
"<U+2060><U+2060>Deliverance Esports","Niquel •  Sazz •  Demonmix •  Jtoru","Oceanic Team"
"<U+2060><U+2060>Deliverance Peru","Diegorzz •  Reiner •  Lefty •  1Bicho","Oceanic Team"
"<U+2060><U+2060>Descuydado Esports","Kerfa •  iFrix •  Shieldworm •  Xpontaneous •  Davo •  Ayeye","Oceanic Team"
"<U+2060><U+2060>Diamond Doves","JuanDeDios •  Piu Piu •  AdrYh •  HarryLaCru •  Khael","Oceanic Team"
"<U+2060><U+2060>EBRO","Akunma •  Ocean •  TomnaM •  Nottingham •  Nameless •  Fateware","Oceanic Team"
"<U+2060><U+2060>ELR Gaming","Lara •  Tiansito •  Luckie •  JK •  Melvin •  Ohtori","Oceanic Team"
"<U+2060><U+2060>Estral Esports","Acce •  Lyg","Oceanic Team"
"<U+2060><U+2060>Exilium Gaming","JISKRA","Oceanic Team"
"<U+2060><U+2060>Fantasy Gaming","Scar Hope •  Kram •  San •  Nou •  LupinoBate •  FreeSoul","Oceanic Team"
"<U+2060><U+2060>Fuego","Ravey •  Mega •  Blackengel •  Shade •  Whiplash","Oceanic Team"
"<U+2060><U+2060>Furious Gaming","Kartana •  Emp •  Viciun •  Feitan","Oceanic Team"
"<U+2060><U+2060>GeekSide Esports","Therru •  Sunriser •  Roket •  Rastafari •  Macucho •  Nightfall •  Wamdejo","Oceanic Team"
"<U+2060><U+2060>Globant Emerald","Nate •  Warangelus •  Plugo •  WhiteLotus •  Newbie","Oceanic Team"
"<U+2060><U+2060>God's Plan","Raél •  CaTzzz •  Toes","Oceanic Team"
"<U+2060><U+2060>Gravity Elite","JTL •  Blind Walker •  Godles •  Zlekt","Oceanic Team"
"<U+2060><U+2060>Hooked Esports","Rexus •  Mistt •  Bl0oMi •  BitterBit •  Bojji •  Cezz  (Sports Director/Support)","Oceanic Team"
"<U+2060><U+2060>Incubus","Ceviche •  Cebolla •  Souta","Oceanic Team"
"<U+2060><U+2060>INFINITY","Jauny •  Brayaron •  SolidSnake •  Cody •  Snaker •  Kz •  Ackerman","Oceanic Team"
"<U+2060><U+2060>Instinct Gaming","1Cs •  Dinastik •  Xamex •  Joma","Oceanic Team"
"<U+2060><U+2060>Isurus","ADD •  Seiya •  Gavotto •  Jelly •  Flare","Oceanic Team"
"<U+2060><U+2060>Janus Esports","HAKA •  Jean •  Ballack •  FxZ","Oceanic Team"
"<U+2060><U+2060>KLG Academy","Baby Upset •  1Lee","Oceanic Team"
"<U+2060><U+2060>King of Goats","Astronyx","Oceanic Team"
"<U+2060><U+2060>Kings of the North","Dune •  Osito Felpuwu •  Ballack •  Gnetic •  Kaldalis","Oceanic Team"
"<U+2060><U+2060>KRÜ Esports","Seeker •  Style •  Kiefer •  Lac •  IgnaVilu1","Oceanic Team"
"<U+2060><U+2060>Leviatan Esports","Buggax •  Pancake •  TopLop •  Nothing •  Lyonz","Oceanic Team"
"<U+2060><U+2060>Leviatan Chile","Baltica •  Tinchoxar","Oceanic Team"
"<U+2060><U+2060>Luxor Gaming","Qkel •  Foxy •  Don Jose","Oceanic Team"
"<U+2060><U+2060>Mad Kings","deathleap •  EstebanPa •  WilBR •  Zeldris •  Tiki Astral •  Yagami","Oceanic Team"
"<U+2060><U+2060>Mad Revolution","Kanitouh •  Night Fúry •  Chuflex •  Arqi •  Foryax •  Greety •  TeeoG •  IvaNovich","Oceanic Team"
"<U+2060><U+2060>Malvinas Gaming","Scrappy •  SryNotSry •  Fersito •  Nekhazten •  Magico","Oceanic Team"
"<U+2060><U+2060>Mayan Esports","Pinky •  Saeko •  Araque •  Barry •  Melocotón •  Lenpace •  Orion","Oceanic Team"
"<U+2060><U+2060>Meta Gaming","Emets •  Duivel •  Funky Dog •  Snottie","Oceanic Team"
"<U+2060><U+2060>Movistar Optix","Shookz •  KreshtDoo •  Marito","Oceanic Team"
"<U+2060><U+2060>Newstar","Brianthees •  Xeydon","Oceanic Team"
"<U+2060><U+2060>NOCTA","Stibi •  Raydell •  Pelirrojo •  Gabenx •  Dreseul •  Kofla","Oceanic Team"
"<U+2060><U+2060>Once Caldas Esports","Cristonex •  Kanz •  Aquiles •  AraaGor •  Asdrick •  Asterik","Oceanic Team"
"<U+2060><U+2060>Pampas","Izaenk •  Follow •  Enga •  Kindless •  QQMore •  Kumew •  Kbstible","Oceanic Team"
"<U+2060><U+2060>PÊEK Gaming","Sander •  Symebo •  Loers •  MrMemox •  BetaTwinz •  Cesar","Oceanic Team"
"<U+2060><U+2060>Pirate Dream","vins •  Feng •  Binky •  Zaetoz •  Sofia •  Rex","Oceanic Team"
"<U+2060><U+2060>Psykodelic Esports","Andresu •  Covi •  Mata •  Maick","Oceanic Team"
"<U+2060><U+2060>Rainbow7","SoHwan •  Oddie •  Cepted •  Ceo •  Slow •  Daiky","Oceanic Team"
"<U+2060><U+2060>Rebirth eSports","Arfyss •  Funky Dog •  Cosmoz •  GunPoint •  Gralou •  1Defu","Oceanic Team"
"<U+2060><U+2060>Red Rooster Team","Merciful •  Andathy •  Quasar •  FREDEAD •  Orange •  Kot •  Lustboy","Oceanic Team"
"<U+2060><U+2060>Respawn Esports","Tilt","Oceanic Team"
"<U+2060><U+2060>River Plate","Aquasonic •  Dandy","Oceanic Team"
"<U+2060><U+2060>Saprissa Esports","Putin •  Chiu •  Ganks •  Xuradel •  Renn •  MadBlade","Oceanic Team"
"<U+2060><U+2060>Six Karma","Nipphu •  DrLemon •  Icytower •  Letras •  Lyng","Oceanic Team"
"<U+2060><U+2060>Skull Cracker","Abyss •  Xmy","Oceanic Team"
"<U+2060><U+2060>Spectacled Bears","Note","Oceanic Team"
"<U+2060><U+2060>Spirituals","Abscense •  Guzke •  Kitin •  Stealth •  IRuby","Oceanic Team"
"<U+2060><U+2060>Stone Movistar","Why Not","Oceanic Team"
"<U+2060><U+2060>TAB","Logan •  Haltz •  Taco","Oceanic Team"
"<U+2060><U+2060>Team Aze","Lonely •  Dimitry •  Aloned •  5kid •  Straight •  Shu Hari","Oceanic Team"
"<U+2060><U+2060>Team Quetzal","","Oceanic Team"
"<U+2060><U+2060>The Kings","Destroy •  Mataz •  Rainbow •  Limitationss •  NerzhuL •  Chukaritas •  Santi •  Midalia •  VirusFx •  Mun","Oceanic Team"
"<U+2060><U+2060>Tomorrow Esports","Marth •  Chikitow •  LLSkyLL •  Alann •  Meteoro •  Sight","Oceanic Team"
"<U+2060><U+2060>Undead Gaming","Strange •  Pyl •  Aders","Oceanic Team"
"<U+2060><U+2060>UC Esports","","Oceanic Team"
"<U+2060><U+2060>Vandals Esports","K Cho •  Emarlin •  Nuggles •  Johan Love •  Spidy","Oceanic Team"
"<U+2060><U+2060>Vipers","Bazu •  2Night •  Aaron •  Doosu •  Choisix","Oceanic Team"
"<U+2060><U+2060>Waia Snikt","Joxardo •  No One •  Nishkyu •  Toradora","Oceanic Team"
"<U+2060><U+2060>WAP Esports","Sydux •  OneSECOND •  Encounters","Oceanic Team"
"<U+2060><U+2060>XTEN Esports","Zerito •  Seize •  Keine","Oceanic Team"
"<U+2060><U+2060>Zeu5 Bogota","Keii •  UnicornG •  Zelt •  Hobbler •  Ichiwin •  MrProxi","Oceanic Team"
"<U+2060><U+2060>Zylant Esports","Pillo •  Slayer •  Vares •  Zeypher •  Messi •  Ankichi","Oceanic Team"
"<U+2060><U+2060>9z Team","Burrito •  Naz •  Agustin17 •  Hika •  Tufi •  Sang","PCS Team"
"<U+2060><U+2060>AceS GaminG","Rhal •  Nuclex •  Neith •  Senshi •  Brio","PCS Team"
"<U+2060><U+2060>AGD E-Sports","Hater •  KINGPOWER •  Joinlav •  Gelvic •  Huevo Frito •  Sir Fate","PCS Team"
"<U+2060><U+2060>All Knights","Zothve •  Skeeto •  Crash •  Leza •  Alive •  Pancake •  Baula","PCS Team"
"<U+2060><U+2060>Arctic Mexico","Steellar •  Chente •  Fayonix •  Hades •  Hierro •  Betosky","PCS Team"
"<U+2060><U+2060>Atheris Esports","Mayhem •  Zerkxz •  Demy •  Shintalx","PCS Team"
"<U+2060><U+2060>Atomic México","Gonti •  LiquidDiego •  Kyoto •  Shaka •  Manuelcap •  Allerz","PCS Team"
"<U+2060><U+2060>Aurelius Esports","Uprising •  Acerola •  Kobrq •  Bola •  Tyr •  Sun Tiger","PCS Team"
"<U+2060><U+2060>Awake Gaming","Junder •  Saya •  Master Jos •  lll •  Yuk •  Dirss","PCS Team"
"<U+2060><U+2060>Azules Academy","","PCS Team"
"<U+2060><U+2060>Bandits Gaming","Lance •  Kazuo •  Rein •  Mime •  Hannah •  CougarDai","PCS Team"
"<U+2060><U+2060>Beast Esports","ElBenSmurf •  Zutter •  Chucknight •  Drev •  Ariezu","PCS Team"
"<U+2060><U+2060>Boca Juniors","Chordy •  dnt","PCS Team"
"<U+2060><U+2060>Braves Rising","Kantoshi •  Athyz •  Melkior •  Patrick •  Gary","PCS Team"
"<U+2060><U+2060>Cattleya Gaming","Grimma","PCS Team"
"<U+2060><U+2060>Cienciano Esports","LukasNegro •  Maver •  Jealow •  Hoka •  Pyro","PCS Team"
"<U+2060><U+2060>Deportivo Municipal","Leocich •  Janghy •  Terco •  Snoopy •  Skanito •  ElOjoInka •  Prichell","PCS Team"
"<U+2060><U+2060>Cruzados Esports","IceBox","PCS Team"
"<U+2060><U+2060>Da Dancing Demons","Galileo •  Kasamura •  Nips •  Fate in Blood","PCS Team"
"<U+2060><U+2060>Dark Horse","KearZy •  Perro •  Luco •  Charlie","PCS Team"
"<U+2060><U+2060>Dark Quality","Ron •  El Mapachurro •  Nashery •  TheGunsOfFortune •  Confytura •  Yadagon","PCS Team"
"<U+2060><U+2060>Deliverance Esports","Niquel •  Sazz •  Demonmix •  Jtoru","PCS Team"
"<U+2060><U+2060>Deliverance Peru","Diegorzz •  Reiner •  Lefty •  1Bicho","PCS Team"
"<U+2060><U+2060>Descuydado Esports","Kerfa •  iFrix •  Shieldworm •  Xpontaneous •  Davo •  Ayeye","PCS Team"
"<U+2060><U+2060>Diamond Doves","JuanDeDios •  Piu Piu •  AdrYh •  HarryLaCru •  Khael","PCS Team"
"<U+2060><U+2060>EBRO","Akunma •  Ocean •  TomnaM •  Nottingham •  Nameless •  Fateware","PCS Team"
"<U+2060><U+2060>ELR Gaming","Lara •  Tiansito •  Luckie •  JK •  Melvin •  Ohtori","PCS Team"
"<U+2060><U+2060>Estral Esports","Acce •  Lyg","PCS Team"
"<U+2060><U+2060>Exilium Gaming","JISKRA","PCS Team"
"<U+2060><U+2060>Fantasy Gaming","Scar Hope •  Kram •  San •  Nou •  LupinoBate •  FreeSoul","PCS Team"
"<U+2060><U+2060>Fuego","Ravey •  Mega •  Blackengel •  Shade •  Whiplash","PCS Team"
"<U+2060><U+2060>Furious Gaming","Kartana •  Emp •  Viciun •  Feitan","PCS Team"
"<U+2060><U+2060>GeekSide Esports","Therru •  Sunriser •  Roket •  Rastafari •  Macucho •  Nightfall •  Wamdejo","PCS Team"
"<U+2060><U+2060>Globant Emerald","Nate •  Warangelus •  Plugo •  WhiteLotus •  Newbie","PCS Team"
"<U+2060><U+2060>God's Plan","Raél •  CaTzzz •  Toes","PCS Team"
"<U+2060><U+2060>Gravity Elite","JTL •  Blind Walker •  Godles •  Zlekt","PCS Team"
"<U+2060><U+2060>Hooked Esports","Rexus •  Mistt •  Bl0oMi •  BitterBit •  Bojji •  Cezz  (Sports Director/Support)","PCS Team"
"<U+2060><U+2060>Incubus","Ceviche •  Cebolla •  Souta","PCS Team"
"<U+2060><U+2060>INFINITY","Jauny •  Brayaron •  SolidSnake •  Cody •  Snaker •  Kz •  Ackerman","PCS Team"
"<U+2060><U+2060>Instinct Gaming","1Cs •  Dinastik •  Xamex •  Joma","PCS Team"
"<U+2060><U+2060>Isurus","ADD •  Seiya •  Gavotto •  Jelly •  Flare","PCS Team"
"<U+2060><U+2060>Janus Esports","HAKA •  Jean •  Ballack •  FxZ","PCS Team"
"<U+2060><U+2060>KLG Academy","Baby Upset •  1Lee","PCS Team"
"<U+2060><U+2060>King of Goats","Astronyx","PCS Team"
"<U+2060><U+2060>Kings of the North","Dune •  Osito Felpuwu •  Ballack •  Gnetic •  Kaldalis","PCS Team"
"<U+2060><U+2060>KRÜ Esports","Seeker •  Style •  Kiefer •  Lac •  IgnaVilu1","PCS Team"
"<U+2060><U+2060>Leviatan Esports","Buggax •  Pancake •  TopLop •  Nothing •  Lyonz","PCS Team"
"<U+2060><U+2060>Leviatan Chile","Baltica •  Tinchoxar","PCS Team"
"<U+2060><U+2060>Luxor Gaming","Qkel •  Foxy •  Don Jose","PCS Team"
"<U+2060><U+2060>Mad Kings","deathleap •  EstebanPa •  WilBR •  Zeldris •  Tiki Astral •  Yagami","PCS Team"
"<U+2060><U+2060>Mad Revolution","Kanitouh •  Night Fúry •  Chuflex •  Arqi •  Foryax •  Greety •  TeeoG •  IvaNovich","PCS Team"
"<U+2060><U+2060>Malvinas Gaming","Scrappy •  SryNotSry •  Fersito •  Nekhazten •  Magico","PCS Team"
"<U+2060><U+2060>Mayan Esports","Pinky •  Saeko •  Araque •  Barry •  Melocotón •  Lenpace •  Orion","PCS Team"
"<U+2060><U+2060>Meta Gaming","Emets •  Duivel •  Funky Dog •  Snottie","PCS Team"
"<U+2060><U+2060>Movistar Optix","Shookz •  KreshtDoo •  Marito","PCS Team"
"<U+2060><U+2060>Newstar","Brianthees •  Xeydon","PCS Team"
"<U+2060><U+2060>NOCTA","Stibi •  Raydell •  Pelirrojo •  Gabenx •  Dreseul •  Kofla","PCS Team"
"<U+2060><U+2060>Once Caldas Esports","Cristonex •  Kanz •  Aquiles •  AraaGor •  Asdrick •  Asterik","PCS Team"
"<U+2060><U+2060>Pampas","Izaenk •  Follow •  Enga •  Kindless •  QQMore •  Kumew •  Kbstible","PCS Team"
"<U+2060><U+2060>PÊEK Gaming","Sander •  Symebo •  Loers •  MrMemox •  BetaTwinz •  Cesar","PCS Team"
"<U+2060><U+2060>Pirate Dream","vins •  Feng •  Binky •  Zaetoz •  Sofia •  Rex","PCS Team"
"<U+2060><U+2060>Psykodelic Esports","Andresu •  Covi •  Mata •  Maick","PCS Team"
"<U+2060><U+2060>Rainbow7","SoHwan •  Oddie •  Cepted •  Ceo •  Slow •  Daiky","PCS Team"
"<U+2060><U+2060>Rebirth eSports","Arfyss •  Funky Dog •  Cosmoz •  GunPoint •  Gralou •  1Defu","PCS Team"
"<U+2060><U+2060>Red Rooster Team","Merciful •  Andathy •  Quasar •  FREDEAD •  Orange •  Kot •  Lustboy","PCS Team"
"<U+2060><U+2060>Respawn Esports","Tilt","PCS Team"
"<U+2060><U+2060>River Plate","Aquasonic •  Dandy","PCS Team"
"<U+2060><U+2060>Saprissa Esports","Putin •  Chiu •  Ganks •  Xuradel •  Renn •  MadBlade","PCS Team"
"<U+2060><U+2060>Six Karma","Nipphu •  DrLemon •  Icytower •  Letras •  Lyng","PCS Team"
"<U+2060><U+2060>Skull Cracker","Abyss •  Xmy","PCS Team"
"<U+2060><U+2060>Spectacled Bears","Note","PCS Team"
"<U+2060><U+2060>Spirituals","Abscense •  Guzke •  Kitin •  Stealth •  IRuby","PCS Team"
"<U+2060><U+2060>Stone Movistar","Why Not","PCS Team"
"<U+2060><U+2060>TAB","Logan •  Haltz •  Taco","PCS Team"
"<U+2060><U+2060>Team Aze","Lonely •  Dimitry •  Aloned •  5kid •  Straight •  Shu Hari","PCS Team"
"<U+2060><U+2060>Team Quetzal","","PCS Team"
"<U+2060><U+2060>The Kings","Destroy •  Mataz •  Rainbow •  Limitationss •  NerzhuL •  Chukaritas •  Santi •  Midalia •  VirusFx •  Mun","PCS Team"
"<U+2060><U+2060>Tomorrow Esports","Marth •  Chikitow •  LLSkyLL •  Alann •  Meteoro •  Sight","PCS Team"
"<U+2060><U+2060>Undead Gaming","Strange •  Pyl •  Aders","PCS Team"
"<U+2060><U+2060>UC Esports","","PCS Team"
"<U+2060><U+2060>Vandals Esports","K Cho •  Emarlin •  Nuggles •  Johan Love •  Spidy","PCS Team"
"<U+2060><U+2060>Vipers","Bazu •  2Night •  Aaron •  Doosu •  Choisix","PCS Team"
"<U+2060><U+2060>Waia Snikt","Joxardo •  No One •  Nishkyu •  Toradora","PCS Team"
"<U+2060><U+2060>WAP Esports","Sydux •  OneSECOND •  Encounters","PCS Team"
"<U+2060><U+2060>XTEN Esports","Zerito •  Seize •  Keine","PCS Team"
"<U+2060><U+2060>Zeu5 Bogota","Keii •  UnicornG •  Zelt •  Hobbler •  Ichiwin •  MrProxi","PCS Team"
"<U+2060><U+2060>Zylant Esports","Pillo •  Slayer •  Vares •  Zeypher •  Messi •  Ankichi","PCS Team"
"<U+2060><U+2060>9z Team","Burrito •  Naz •  Agustin17 •  Hika •  Tufi •  Sang","Turkish Team"
"<U+2060><U+2060>AceS GaminG","Rhal •  Nuclex •  Neith •  Senshi •  Brio","Turkish Team"
"<U+2060><U+2060>AGD E-Sports","Hater •  KINGPOWER •  Joinlav •  Gelvic •  Huevo Frito •  Sir Fate","Turkish Team"
"<U+2060><U+2060>All Knights","Zothve •  Skeeto •  Crash •  Leza •  Alive •  Pancake •  Baula","Turkish Team"
"<U+2060><U+2060>Arctic Mexico","Steellar •  Chente •  Fayonix •  Hades •  Hierro •  Betosky","Turkish Team"
"<U+2060><U+2060>Atheris Esports","Mayhem •  Zerkxz •  Demy •  Shintalx","Turkish Team"
"<U+2060><U+2060>Atomic México","Gonti •  LiquidDiego •  Kyoto •  Shaka •  Manuelcap •  Allerz","Turkish Team"
"<U+2060><U+2060>Aurelius Esports","Uprising •  Acerola •  Kobrq •  Bola •  Tyr •  Sun Tiger","Turkish Team"
"<U+2060><U+2060>Awake Gaming","Junder •  Saya •  Master Jos •  lll •  Yuk •  Dirss","Turkish Team"
"<U+2060><U+2060>Azules Academy","","Turkish Team"
"<U+2060><U+2060>Bandits Gaming","Lance •  Kazuo •  Rein •  Mime •  Hannah •  CougarDai","Turkish Team"
"<U+2060><U+2060>Beast Esports","ElBenSmurf •  Zutter •  Chucknight •  Drev •  Ariezu","Turkish Team"
"<U+2060><U+2060>Boca Juniors","Chordy •  dnt","Turkish Team"
"<U+2060><U+2060>Braves Rising","Kantoshi •  Athyz •  Melkior •  Patrick •  Gary","Turkish Team"
"<U+2060><U+2060>Cattleya Gaming","Grimma","Turkish Team"
"<U+2060><U+2060>Cienciano Esports","LukasNegro •  Maver •  Jealow •  Hoka •  Pyro","Turkish Team"
"<U+2060><U+2060>Deportivo Municipal","Leocich •  Janghy •  Terco •  Snoopy •  Skanito •  ElOjoInka •  Prichell","Turkish Team"
"<U+2060><U+2060>Cruzados Esports","IceBox","Turkish Team"
"<U+2060><U+2060>Da Dancing Demons","Galileo •  Kasamura •  Nips •  Fate in Blood","Turkish Team"
"<U+2060><U+2060>Dark Horse","KearZy •  Perro •  Luco •  Charlie","Turkish Team"
"<U+2060><U+2060>Dark Quality","Ron •  El Mapachurro •  Nashery •  TheGunsOfFortune •  Confytura •  Yadagon","Turkish Team"
"<U+2060><U+2060>Deliverance Esports","Niquel •  Sazz •  Demonmix •  Jtoru","Turkish Team"
"<U+2060><U+2060>Deliverance Peru","Diegorzz •  Reiner •  Lefty •  1Bicho","Turkish Team"
"<U+2060><U+2060>Descuydado Esports","Kerfa •  iFrix •  Shieldworm •  Xpontaneous •  Davo •  Ayeye","Turkish Team"
"<U+2060><U+2060>Diamond Doves","JuanDeDios •  Piu Piu •  AdrYh •  HarryLaCru •  Khael","Turkish Team"
"<U+2060><U+2060>EBRO","Akunma •  Ocean •  TomnaM •  Nottingham •  Nameless •  Fateware","Turkish Team"
"<U+2060><U+2060>ELR Gaming","Lara •  Tiansito •  Luckie •  JK •  Melvin •  Ohtori","Turkish Team"
"<U+2060><U+2060>Estral Esports","Acce •  Lyg","Turkish Team"
"<U+2060><U+2060>Exilium Gaming","JISKRA","Turkish Team"
"<U+2060><U+2060>Fantasy Gaming","Scar Hope •  Kram •  San •  Nou •  LupinoBate •  FreeSoul","Turkish Team"
"<U+2060><U+2060>Fuego","Ravey •  Mega •  Blackengel •  Shade •  Whiplash","Turkish Team"
"<U+2060><U+2060>Furious Gaming","Kartana •  Emp •  Viciun •  Feitan","Turkish Team"
"<U+2060><U+2060>GeekSide Esports","Therru •  Sunriser •  Roket •  Rastafari •  Macucho •  Nightfall •  Wamdejo","Turkish Team"
"<U+2060><U+2060>Globant Emerald","Nate •  Warangelus •  Plugo •  WhiteLotus •  Newbie","Turkish Team"
"<U+2060><U+2060>God's Plan","Raél •  CaTzzz •  Toes","Turkish Team"
"<U+2060><U+2060>Gravity Elite","JTL •  Blind Walker •  Godles •  Zlekt","Turkish Team"
"<U+2060><U+2060>Hooked Esports","Rexus •  Mistt •  Bl0oMi •  BitterBit •  Bojji •  Cezz  (Sports Director/Support)","Turkish Team"
"<U+2060><U+2060>Incubus","Ceviche •  Cebolla •  Souta","Turkish Team"
"<U+2060><U+2060>INFINITY","Jauny •  Brayaron •  SolidSnake •  Cody •  Snaker •  Kz •  Ackerman","Turkish Team"
"<U+2060><U+2060>Instinct Gaming","1Cs •  Dinastik •  Xamex •  Joma","Turkish Team"
"<U+2060><U+2060>Isurus","ADD •  Seiya •  Gavotto •  Jelly •  Flare","Turkish Team"
"<U+2060><U+2060>Janus Esports","HAKA •  Jean •  Ballack •  FxZ","Turkish Team"
"<U+2060><U+2060>KLG Academy","Baby Upset •  1Lee","Turkish Team"
"<U+2060><U+2060>King of Goats","Astronyx","Turkish Team"
"<U+2060><U+2060>Kings of the North","Dune •  Osito Felpuwu •  Ballack •  Gnetic •  Kaldalis","Turkish Team"
"<U+2060><U+2060>KRÜ Esports","Seeker •  Style •  Kiefer •  Lac •  IgnaVilu1","Turkish Team"
"<U+2060><U+2060>Leviatan Esports","Buggax •  Pancake •  TopLop •  Nothing •  Lyonz","Turkish Team"
"<U+2060><U+2060>Leviatan Chile","Baltica •  Tinchoxar","Turkish Team"
"<U+2060><U+2060>Luxor Gaming","Qkel •  Foxy •  Don Jose","Turkish Team"
"<U+2060><U+2060>Mad Kings","deathleap •  EstebanPa •  WilBR •  Zeldris •  Tiki Astral •  Yagami","Turkish Team"
"<U+2060><U+2060>Mad Revolution","Kanitouh •  Night Fúry •  Chuflex •  Arqi •  Foryax •  Greety •  TeeoG •  IvaNovich","Turkish Team"
"<U+2060><U+2060>Malvinas Gaming","Scrappy •  SryNotSry •  Fersito •  Nekhazten •  Magico","Turkish Team"
"<U+2060><U+2060>Mayan Esports","Pinky •  Saeko •  Araque •  Barry •  Melocotón •  Lenpace •  Orion","Turkish Team"
"<U+2060><U+2060>Meta Gaming","Emets •  Duivel •  Funky Dog •  Snottie","Turkish Team"
"<U+2060><U+2060>Movistar Optix","Shookz •  KreshtDoo •  Marito","Turkish Team"
"<U+2060><U+2060>Newstar","Brianthees •  Xeydon","Turkish Team"
"<U+2060><U+2060>NOCTA","Stibi •  Raydell •  Pelirrojo •  Gabenx •  Dreseul •  Kofla","Turkish Team"
"<U+2060><U+2060>Once Caldas Esports","Cristonex •  Kanz •  Aquiles •  AraaGor •  Asdrick •  Asterik","Turkish Team"
"<U+2060><U+2060>Pampas","Izaenk •  Follow •  Enga •  Kindless •  QQMore •  Kumew •  Kbstible","Turkish Team"
"<U+2060><U+2060>PÊEK Gaming","Sander •  Symebo •  Loers •  MrMemox •  BetaTwinz •  Cesar","Turkish Team"
"<U+2060><U+2060>Pirate Dream","vins •  Feng •  Binky •  Zaetoz •  Sofia •  Rex","Turkish Team"
"<U+2060><U+2060>Psykodelic Esports","Andresu •  Covi •  Mata •  Maick","Turkish Team"
"<U+2060><U+2060>Rainbow7","SoHwan •  Oddie •  Cepted •  Ceo •  Slow •  Daiky","Turkish Team"
"<U+2060><U+2060>Rebirth eSports","Arfyss •  Funky Dog •  Cosmoz •  GunPoint •  Gralou •  1Defu","Turkish Team"
"<U+2060><U+2060>Red Rooster Team","Merciful •  Andathy •  Quasar •  FREDEAD •  Orange •  Kot •  Lustboy","Turkish Team"
"<U+2060><U+2060>Respawn Esports","Tilt","Turkish Team"
"<U+2060><U+2060>River Plate","Aquasonic •  Dandy","Turkish Team"
"<U+2060><U+2060>Saprissa Esports","Putin •  Chiu •  Ganks •  Xuradel •  Renn •  MadBlade","Turkish Team"
"<U+2060><U+2060>Six Karma","Nipphu •  DrLemon •  Icytower •  Letras •  Lyng","Turkish Team"
"<U+2060><U+2060>Skull Cracker","Abyss •  Xmy","Turkish Team"
"<U+2060><U+2060>Spectacled Bears","Note","Turkish Team"
"<U+2060><U+2060>Spirituals","Abscense •  Guzke •  Kitin •  Stealth •  IRuby","Turkish Team"
"<U+2060><U+2060>Stone Movistar","Why Not","Turkish Team"
"<U+2060><U+2060>TAB","Logan •  Haltz •  Taco","Turkish Team"
"<U+2060><U+2060>Team Aze","Lonely •  Dimitry •  Aloned •  5kid •  Straight •  Shu Hari","Turkish Team"
"<U+2060><U+2060>Team Quetzal","","Turkish Team"
"<U+2060><U+2060>The Kings","Destroy •  Mataz •  Rainbow •  Limitationss •  NerzhuL •  Chukaritas •  Santi •  Midalia •  VirusFx •  Mun","Turkish Team"
"<U+2060><U+2060>Tomorrow Esports","Marth •  Chikitow •  LLSkyLL •  Alann •  Meteoro •  Sight","Turkish Team"
"<U+2060><U+2060>Undead Gaming","Strange •  Pyl •  Aders","Turkish Team"
"<U+2060><U+2060>UC Esports","","Turkish Team"
"<U+2060><U+2060>Vandals Esports","K Cho •  Emarlin •  Nuggles •  Johan Love •  Spidy","Turkish Team"
"<U+2060><U+2060>Vipers","Bazu •  2Night •  Aaron •  Doosu •  Choisix","Turkish Team"
"<U+2060><U+2060>Waia Snikt","Joxardo •  No One •  Nishkyu •  Toradora","Turkish Team"
"<U+2060><U+2060>WAP Esports","Sydux •  OneSECOND •  Encounters","Turkish Team"
"<U+2060><U+2060>XTEN Esports","Zerito •  Seize •  Keine","Turkish Team"
"<U+2060><U+2060>Zeu5 Bogota","Keii •  UnicornG •  Zelt •  Hobbler •  Ichiwin •  MrProxi","Turkish Team"
"<U+2060><U+2060>Zylant Esports","Pillo •  Slayer •  Vares •  Zeypher •  Messi •  Ankichi","Turkish Team"
"<U+2060><U+2060>9z Team","Burrito •  Naz •  Agustin17 •  Hika •  Tufi •  Sang","Vietnamese Team"
"<U+2060><U+2060>AceS GaminG","Rhal •  Nuclex •  Neith •  Senshi •  Brio","Vietnamese Team"
"<U+2060><U+2060>AGD E-Sports","Hater •  KINGPOWER •  Joinlav •  Gelvic •  Huevo Frito •  Sir Fate","Vietnamese Team"
"<U+2060><U+2060>All Knights","Zothve •  Skeeto •  Crash •  Leza •  Alive •  Pancake •  Baula","Vietnamese Team"
"<U+2060><U+2060>Arctic Mexico","Steellar •  Chente •  Fayonix •  Hades •  Hierro •  Betosky","Vietnamese Team"
"<U+2060><U+2060>Atheris Esports","Mayhem •  Zerkxz •  Demy •  Shintalx","Vietnamese Team"
"<U+2060><U+2060>Atomic México","Gonti •  LiquidDiego •  Kyoto •  Shaka •  Manuelcap •  Allerz","Vietnamese Team"
"<U+2060><U+2060>Aurelius Esports","Uprising •  Acerola •  Kobrq •  Bola •  Tyr •  Sun Tiger","Vietnamese Team"
"<U+2060><U+2060>Awake Gaming","Junder •  Saya •  Master Jos •  lll •  Yuk •  Dirss","Vietnamese Team"
"<U+2060><U+2060>Azules Academy","","Vietnamese Team"
"<U+2060><U+2060>Bandits Gaming","Lance •  Kazuo •  Rein •  Mime •  Hannah •  CougarDai","Vietnamese Team"
"<U+2060><U+2060>Beast Esports","ElBenSmurf •  Zutter •  Chucknight •  Drev •  Ariezu","Vietnamese Team"
"<U+2060><U+2060>Boca Juniors","Chordy •  dnt","Vietnamese Team"
"<U+2060><U+2060>Braves Rising","Kantoshi •  Athyz •  Melkior •  Patrick •  Gary","Vietnamese Team"
"<U+2060><U+2060>Cattleya Gaming","Grimma","Vietnamese Team"
"<U+2060><U+2060>Cienciano Esports","LukasNegro •  Maver •  Jealow •  Hoka •  Pyro","Vietnamese Team"
"<U+2060><U+2060>Deportivo Municipal","Leocich •  Janghy •  Terco •  Snoopy •  Skanito •  ElOjoInka •  Prichell","Vietnamese Team"
"<U+2060><U+2060>Cruzados Esports","IceBox","Vietnamese Team"
"<U+2060><U+2060>Da Dancing Demons","Galileo •  Kasamura •  Nips •  Fate in Blood","Vietnamese Team"
"<U+2060><U+2060>Dark Horse","KearZy •  Perro •  Luco •  Charlie","Vietnamese Team"
"<U+2060><U+2060>Dark Quality","Ron •  El Mapachurro •  Nashery •  TheGunsOfFortune •  Confytura •  Yadagon","Vietnamese Team"
"<U+2060><U+2060>Deliverance Esports","Niquel •  Sazz •  Demonmix •  Jtoru","Vietnamese Team"
"<U+2060><U+2060>Deliverance Peru","Diegorzz •  Reiner •  Lefty •  1Bicho","Vietnamese Team"
"<U+2060><U+2060>Descuydado Esports","Kerfa •  iFrix •  Shieldworm •  Xpontaneous •  Davo •  Ayeye","Vietnamese Team"
"<U+2060><U+2060>Diamond Doves","JuanDeDios •  Piu Piu •  AdrYh •  HarryLaCru •  Khael","Vietnamese Team"
"<U+2060><U+2060>EBRO","Akunma •  Ocean •  TomnaM •  Nottingham •  Nameless •  Fateware","Vietnamese Team"
"<U+2060><U+2060>ELR Gaming","Lara •  Tiansito •  Luckie •  JK •  Melvin •  Ohtori","Vietnamese Team"
"<U+2060><U+2060>Estral Esports","Acce •  Lyg","Vietnamese Team"
"<U+2060><U+2060>Exilium Gaming","JISKRA","Vietnamese Team"
"<U+2060><U+2060>Fantasy Gaming","Scar Hope •  Kram •  San •  Nou •  LupinoBate •  FreeSoul","Vietnamese Team"
"<U+2060><U+2060>Fuego","Ravey •  Mega •  Blackengel •  Shade •  Whiplash","Vietnamese Team"
"<U+2060><U+2060>Furious Gaming","Kartana •  Emp •  Viciun •  Feitan","Vietnamese Team"
"<U+2060><U+2060>GeekSide Esports","Therru •  Sunriser •  Roket •  Rastafari •  Macucho •  Nightfall •  Wamdejo","Vietnamese Team"
"<U+2060><U+2060>Globant Emerald","Nate •  Warangelus •  Plugo •  WhiteLotus •  Newbie","Vietnamese Team"
"<U+2060><U+2060>God's Plan","Raél •  CaTzzz •  Toes","Vietnamese Team"
"<U+2060><U+2060>Gravity Elite","JTL •  Blind Walker •  Godles •  Zlekt","Vietnamese Team"
"<U+2060><U+2060>Hooked Esports","Rexus •  Mistt •  Bl0oMi •  BitterBit •  Bojji •  Cezz  (Sports Director/Support)","Vietnamese Team"
"<U+2060><U+2060>Incubus","Ceviche •  Cebolla •  Souta","Vietnamese Team"
"<U+2060><U+2060>INFINITY","Jauny •  Brayaron •  SolidSnake •  Cody •  Snaker •  Kz •  Ackerman","Vietnamese Team"
"<U+2060><U+2060>Instinct Gaming","1Cs •  Dinastik •  Xamex •  Joma","Vietnamese Team"
"<U+2060><U+2060>Isurus","ADD •  Seiya •  Gavotto •  Jelly •  Flare","Vietnamese Team"
"<U+2060><U+2060>Janus Esports","HAKA •  Jean •  Ballack •  FxZ","Vietnamese Team"
"<U+2060><U+2060>KLG Academy","Baby Upset •  1Lee","Vietnamese Team"
"<U+2060><U+2060>King of Goats","Astronyx","Vietnamese Team"
"<U+2060><U+2060>Kings of the North","Dune •  Osito Felpuwu •  Ballack •  Gnetic •  Kaldalis","Vietnamese Team"
"<U+2060><U+2060>KRÜ Esports","Seeker •  Style •  Kiefer •  Lac •  IgnaVilu1","Vietnamese Team"
"<U+2060><U+2060>Leviatan Esports","Buggax •  Pancake •  TopLop •  Nothing •  Lyonz","Vietnamese Team"
"<U+2060><U+2060>Leviatan Chile","Baltica •  Tinchoxar","Vietnamese Team"
"<U+2060><U+2060>Luxor Gaming","Qkel •  Foxy •  Don Jose","Vietnamese Team"
"<U+2060><U+2060>Mad Kings","deathleap •  EstebanPa •  WilBR •  Zeldris •  Tiki Astral •  Yagami","Vietnamese Team"
"<U+2060><U+2060>Mad Revolution","Kanitouh •  Night Fúry •  Chuflex •  Arqi •  Foryax •  Greety •  TeeoG •  IvaNovich","Vietnamese Team"
"<U+2060><U+2060>Malvinas Gaming","Scrappy •  SryNotSry •  Fersito •  Nekhazten •  Magico","Vietnamese Team"
"<U+2060><U+2060>Mayan Esports","Pinky •  Saeko •  Araque •  Barry •  Melocotón •  Lenpace •  Orion","Vietnamese Team"
"<U+2060><U+2060>Meta Gaming","Emets •  Duivel •  Funky Dog •  Snottie","Vietnamese Team"
"<U+2060><U+2060>Movistar Optix","Shookz •  KreshtDoo •  Marito","Vietnamese Team"
"<U+2060><U+2060>Newstar","Brianthees •  Xeydon","Vietnamese Team"
"<U+2060><U+2060>NOCTA","Stibi •  Raydell •  Pelirrojo •  Gabenx •  Dreseul •  Kofla","Vietnamese Team"
"<U+2060><U+2060>Once Caldas Esports","Cristonex •  Kanz •  Aquiles •  AraaGor •  Asdrick •  Asterik","Vietnamese Team"
"<U+2060><U+2060>Pampas","Izaenk •  Follow •  Enga •  Kindless •  QQMore •  Kumew •  Kbstible","Vietnamese Team"
"<U+2060><U+2060>PÊEK Gaming","Sander •  Symebo •  Loers •  MrMemox •  BetaTwinz •  Cesar","Vietnamese Team"
"<U+2060><U+2060>Pirate Dream","vins •  Feng •  Binky •  Zaetoz •  Sofia •  Rex","Vietnamese Team"
"<U+2060><U+2060>Psykodelic Esports","Andresu •  Covi •  Mata •  Maick","Vietnamese Team"
"<U+2060><U+2060>Rainbow7","SoHwan •  Oddie •  Cepted •  Ceo •  Slow •  Daiky","Vietnamese Team"
"<U+2060><U+2060>Rebirth eSports","Arfyss •  Funky Dog •  Cosmoz •  GunPoint •  Gralou •  1Defu","Vietnamese Team"
"<U+2060><U+2060>Red Rooster Team","Merciful •  Andathy •  Quasar •  FREDEAD •  Orange •  Kot •  Lustboy","Vietnamese Team"
"<U+2060><U+2060>Respawn Esports","Tilt","Vietnamese Team"
"<U+2060><U+2060>River Plate","Aquasonic •  Dandy","Vietnamese Team"
"<U+2060><U+2060>Saprissa Esports","Putin •  Chiu •  Ganks •  Xuradel •  Renn •  MadBlade","Vietnamese Team"
"<U+2060><U+2060>Six Karma","Nipphu •  DrLemon •  Icytower •  Letras •  Lyng","Vietnamese Team"
"<U+2060><U+2060>Skull Cracker","Abyss •  Xmy","Vietnamese Team"
"<U+2060><U+2060>Spectacled Bears","Note","Vietnamese Team"
"<U+2060><U+2060>Spirituals","Abscense •  Guzke •  Kitin •  Stealth •  IRuby","Vietnamese Team"
"<U+2060><U+2060>Stone Movistar","Why Not","Vietnamese Team"
"<U+2060><U+2060>TAB","Logan •  Haltz •  Taco","Vietnamese Team"
"<U+2060><U+2060>Team Aze","Lonely •  Dimitry •  Aloned •  5kid •  Straight •  Shu Hari","Vietnamese Team"
"<U+2060><U+2060>Team Quetzal","","Vietnamese Team"
"<U+2060><U+2060>The Kings","Destroy •  Mataz •  Rainbow •  Limitationss •  NerzhuL •  Chukaritas •  Santi •  Midalia •  VirusFx •  Mun","Vietnamese Team"
"<U+2060><U+2060>Tomorrow Esports","Marth •  Chikitow •  LLSkyLL •  Alann •  Meteoro •  Sight","Vietnamese Team"
"<U+2060><U+2060>Undead Gaming","Strange •  Pyl •  Aders","Vietnamese Team"
"<U+2060><U+2060>UC Esports","","Vietnamese Team"
"<U+2060><U+2060>Vandals Esports","K Cho •  Emarlin •  Nuggles •  Johan Love •  Spidy","Vietnamese Team"
"<U+2060><U+2060>Vipers","Bazu •  2Night •  Aaron •  Doosu •  Choisix","Vietnamese Team"
"<U+2060><U+2060>Waia Snikt","Joxardo •  No One •  Nishkyu •  Toradora","Vietnamese Team"
"<U+2060><U+2060>WAP Esports","Sydux •  OneSECOND •  Encounters","Vietnamese Team"
"<U+2060><U+2060>XTEN Esports","Zerito •  Seize •  Keine","Vietnamese Team"
"<U+2060><U+2060>Zeu5 Bogota","Keii •  UnicornG •  Zelt •  Hobbler •  Ichiwin •  MrProxi","Vietnamese Team"
"<U+2060><U+2060>Zylant Esports","Pillo •  Slayer •  Vares •  Zeypher •  Messi •  Ankichi","Vietnamese Team"
